[2026-02-09 14:08:15] local.INFO: Employer Followup Cron Executed  
[2026-02-09 14:09:16] local.INFO: Employer Followup Cron Executed  
[2026-02-09 14:11:24] local.ERROR: Attempt to read property "role_id" on null {"view":{"view":"C:\\wamp64\\www\\salexo\\resources\\views\\common\\superadmin\\header.blade.php","data":{"errors":"<pre class=sf-dump id=sf-dump-1326373410 data-indent-pad=\"  \"><span class=sf-dump-note>Illuminate\\Support\\ViewErrorBag</span> {<a class=sf-dump-ref>#1975</a><samp data-depth=1 class=sf-dump-expanded>
  #<span class=sf-dump-protected title=\"Protected property\">bags</span>: []
</samp>}
</pre><script>Sfdump(\"sf-dump-1326373410\", {\"maxDepth\":3,\"maxStringLength\":160})</script>
"}},"exception":"[object] (Spatie\\LaravelIgnition\\Exceptions\\ViewException(code: 0): Attempt to read property \"role_id\" on null at C:\\wamp64\\www\\salexo\\resources\\views\\common\\superadmin\\header.blade.php:6)
[stacktrace]
#0 C:\\wamp64\\www\\salexo\\vendor\\laravel\\framework\\src\\Illuminate\\Foundation\\Bootstrap\\HandleExceptions.php(270): Illuminate\\Foundation\\Bootstrap\\HandleExceptions->handleError(2, 'Attempt to read...', 'C:\\\\wamp64\\\\www\\\\s...', 6)
#1 C:\\wamp64\\www\\salexo\\resources\\views\\common\\superadmin\\header.blade.php(6): Illuminate\\Foundation\\Bootstrap\\HandleExceptions->Illuminate\\Foundation\\Bootstrap\\{closure}(2, 'Attempt to read...', 'C:\\\\wamp64\\\\www\\\\s...', 6)
#2 C:\\wamp64\\www\\salexo\\vendor\\laravel\\framework\\src\\Illuminate\\Filesystem\\Filesystem.php(109): require('C:\\\\wamp64\\\\www\\\\s...')
#3 C:\\wamp64\\www\\salexo\\vendor\\laravel\\framework\\src\\Illuminate\\Filesystem\\Filesystem.php(110): Illuminate\\Filesystem\\Filesystem::Illuminate\\Filesystem\\{closure}()
#4 C:\\wamp64\\www\\salexo\\vendor\\laravel\\framework\\src\\Illuminate\\View\\Engines\\PhpEngine.php(58): Illuminate\\Filesystem\\Filesystem->getRequire('C:\\\\wamp64\\\\www\\\\s...', Array)
#5 C:\\wamp64\\www\\salexo\\vendor\\laravel\\framework\\src\\Illuminate\\View\\Engines\\CompilerEngine.php(70): Illuminate\\View\\Engines\\PhpEngine->evaluatePath('C:\\\\wamp64\\\\www\\\\s...', Array)
#6 C:\\wamp64\\www\\salexo\\vendor\\laravel\\framework\\src\\Illuminate\\View\\View.php(195): Illuminate\\View\\Engines\\CompilerEngine->get('C:\\\\wamp64\\\\www\\\\s...', Array)
#7 C:\\wamp64\\www\\salexo\\vendor\\laravel\\framework\\src\\Illuminate\\View\\View.php(178): Illuminate\\View\\View->getContents()
#8 C:\\wamp64\\www\\salexo\\vendor\\laravel\\framework\\src\\Illuminate\\View\\View.php(147): Illuminate\\View\\View->renderContents()
#9 C:\\wamp64\\www\\salexo\\resources\\views\\layouts\\app.blade.php(14): Illuminate\\View\\View->render()
#10 C:\\wamp64\\www\\salexo\\vendor\\laravel\\framework\\src\\Illuminate\\Filesystem\\Filesystem.php(109): require('C:\\\\wamp64\\\\www\\\\s...')
#11 C:\\wamp64\\www\\salexo\\vendor\\laravel\\framework\\src\\Illuminate\\Filesystem\\Filesystem.php(110): Illuminate\\Filesystem\\Filesystem::Illuminate\\Filesystem\\{closure}()
#12 C:\\wamp64\\www\\salexo\\vendor\\laravel\\framework\\src\\Illuminate\\View\\Engines\\PhpEngine.php(58): Illuminate\\Filesystem\\Filesystem->getRequire('C:\\\\wamp64\\\\www\\\\s...', Array)
#13 C:\\wamp64\\www\\salexo\\vendor\\laravel\\framework\\src\\Illuminate\\View\\Engines\\CompilerEngine.php(70): Illuminate\\View\\Engines\\PhpEngine->evaluatePath('C:\\\\wamp64\\\\www\\\\s...', Array)
#14 C:\\wamp64\\www\\salexo\\vendor\\laravel\\framework\\src\\Illuminate\\View\\View.php(195): Illuminate\\View\\Engines\\CompilerEngine->get('C:\\\\wamp64\\\\www\\\\s...', Array)
#15 C:\\wamp64\\www\\salexo\\vendor\\laravel\\framework\\src\\Illuminate\\View\\View.php(178): Illuminate\\View\\View->getContents()
#16 C:\\wamp64\\www\\salexo\\vendor\\laravel\\framework\\src\\Illuminate\\View\\View.php(147): Illuminate\\View\\View->renderContents()
#17 C:\\wamp64\\www\\salexo\\resources\\views\\errors\\404.blade.php(19): Illuminate\\View\\View->render()
#18 C:\\wamp64\\www\\salexo\\vendor\\laravel\\framework\\src\\Illuminate\\Filesystem\\Filesystem.php(109): require('C:\\\\wamp64\\\\www\\\\s...')
#19 C:\\wamp64\\www\\salexo\\vendor\\laravel\\framework\\src\\Illuminate\\Filesystem\\Filesystem.php(110): Illuminate\\Filesystem\\Filesystem::Illuminate\\Filesystem\\{closure}()
#20 C:\\wamp64\\www\\salexo\\vendor\\laravel\\framework\\src\\Illuminate\\View\\Engines\\PhpEngine.php(58): Illuminate\\Filesystem\\Filesystem->getRequire('C:\\\\wamp64\\\\www\\\\s...', Array)
#21 C:\\wamp64\\www\\salexo\\vendor\\laravel\\framework\\src\\Illuminate\\View\\Engines\\CompilerEngine.php(70): Illuminate\\View\\Engines\\PhpEngine->evaluatePath('C:\\\\wamp64\\\\www\\\\s...', Array)
#22 C:\\wamp64\\www\\salexo\\vendor\\laravel\\framework\\src\\Illuminate\\View\\View.php(195): Illuminate\\View\\Engines\\CompilerEngine->get('C:\\\\wamp64\\\\www\\\\s...', Array)
#23 C:\\wamp64\\www\\salexo\\vendor\\laravel\\framework\\src\\Illuminate\\View\\View.php(178): Illuminate\\View\\View->getContents()
#24 C:\\wamp64\\www\\salexo\\vendor\\laravel\\framework\\src\\Illuminate\\View\\View.php(147): Illuminate\\View\\View->renderContents()
#25 C:\\wamp64\\www\\salexo\\vendor\\laravel\\framework\\src\\Illuminate\\Http\\Response.php(69): Illuminate\\View\\View->render()
#26 C:\\wamp64\\www\\salexo\\vendor\\laravel\\framework\\src\\Illuminate\\Http\\Response.php(35): Illuminate\\Http\\Response->setContent(Object(Illuminate\\View\\View))
#27 C:\\wamp64\\www\\salexo\\vendor\\laravel\\framework\\src\\Illuminate\\Routing\\Router.php(906): Illuminate\\Http\\Response->__construct(Object(Illuminate\\View\\View), 200, Array)
#28 C:\\wamp64\\www\\salexo\\vendor\\laravel\\framework\\src\\Illuminate\\Routing\\Router.php(875): Illuminate\\Routing\\Router::toResponse(Object(Illuminate\\Http\\Request), Object(Illuminate\\View\\View))
#29 C:\\wamp64\\www\\salexo\\vendor\\laravel\\framework\\src\\Illuminate\\Routing\\Router.php(797): Illuminate\\Routing\\Router->prepareResponse(Object(Illuminate\\Http\\Request), Object(Illuminate\\View\\View))
#30 C:\\wamp64\\www\\salexo\\vendor\\laravel\\framework\\src\\Illuminate\\Pipeline\\Pipeline.php(141): Illuminate\\Routing\\Router->Illuminate\\Routing\\{closure}(Object(Illuminate\\Http\\Request))
#31 C:\\wamp64\\www\\salexo\\vendor\\laravel\\framework\\src\\Illuminate\\Routing\\Middleware\\SubstituteBindings.php(50): Illuminate\\Pipeline\\Pipeline->Illuminate\\Pipeline\\{closure}(Object(Illuminate\\Http\\Request))
#32 C:\\wamp64\\www\\salexo\\vendor\\laravel\\framework\\src\\Illuminate\\Pipeline\\Pipeline.php(180): Illuminate\\Routing\\Middleware\\SubstituteBindings->handle(Object(Illuminate\\Http\\Request), Object(Closure))
#33 C:\\wamp64\\www\\salexo\\vendor\\laravel\\framework\\src\\Illuminate\\Foundation\\Http\\Middleware\\VerifyCsrfToken.php(78): Illuminate\\Pipeline\\Pipeline->Illuminate\\Pipeline\\{closure}(Object(Illuminate\\Http\\Request))
#34 C:\\wamp64\\www\\salexo\\vendor\\laravel\\framework\\src\\Illuminate\\Pipeline\\Pipeline.php(180): Illuminate\\Foundation\\Http\\Middleware\\VerifyCsrfToken->handle(Object(Illuminate\\Http\\Request), Object(Closure))
#35 C:\\wamp64\\www\\salexo\\vendor\\laravel\\framework\\src\\Illuminate\\View\\Middleware\\ShareErrorsFromSession.php(49): Illuminate\\Pipeline\\Pipeline->Illuminate\\Pipeline\\{closure}(Object(Illuminate\\Http\\Request))
#36 C:\\wamp64\\www\\salexo\\vendor\\laravel\\framework\\src\\Illuminate\\Pipeline\\Pipeline.php(180): Illuminate\\View\\Middleware\\ShareErrorsFromSession->handle(Object(Illuminate\\Http\\Request), Object(Closure))
#37 C:\\wamp64\\www\\salexo\\vendor\\laravel\\framework\\src\\Illuminate\\Session\\Middleware\\StartSession.php(121): Illuminate\\Pipeline\\Pipeline->Illuminate\\Pipeline\\{closure}(Object(Illuminate\\Http\\Request))
#38 C:\\wamp64\\www\\salexo\\vendor\\laravel\\framework\\src\\Illuminate\\Session\\Middleware\\StartSession.php(64): Illuminate\\Session\\Middleware\\StartSession->handleStatefulRequest(Object(Illuminate\\Http\\Request), Object(Illuminate\\Session\\Store), Object(Closure))
#39 C:\\wamp64\\www\\salexo\\vendor\\laravel\\framework\\src\\Illuminate\\Pipeline\\Pipeline.php(180): Illuminate\\Session\\Middleware\\StartSession->handle(Object(Illuminate\\Http\\Request), Object(Closure))
#40 C:\\wamp64\\www\\salexo\\vendor\\laravel\\framework\\src\\Illuminate\\Cookie\\Middleware\\AddQueuedCookiesToResponse.php(37): Illuminate\\Pipeline\\Pipeline->Illuminate\\Pipeline\\{closure}(Object(Illuminate\\Http\\Request))
#41 C:\\wamp64\\www\\salexo\\vendor\\laravel\\framework\\src\\Illuminate\\Pipeline\\Pipeline.php(180): Illuminate\\Cookie\\Middleware\\AddQueuedCookiesToResponse->handle(Object(Illuminate\\Http\\Request), Object(Closure))
#42 C:\\wamp64\\www\\salexo\\vendor\\laravel\\framework\\src\\Illuminate\\Cookie\\Middleware\\EncryptCookies.php(67): Illuminate\\Pipeline\\Pipeline->Illuminate\\Pipeline\\{closure}(Object(Illuminate\\Http\\Request))
#43 C:\\wamp64\\www\\salexo\\vendor\\laravel\\framework\\src\\Illuminate\\Pipeline\\Pipeline.php(180): Illuminate\\Cookie\\Middleware\\EncryptCookies->handle(Object(Illuminate\\Http\\Request), Object(Closure))
#44 C:\\wamp64\\www\\salexo\\vendor\\laravel\\framework\\src\\Illuminate\\Pipeline\\Pipeline.php(116): Illuminate\\Pipeline\\Pipeline->Illuminate\\Pipeline\\{closure}(Object(Illuminate\\Http\\Request))
#45 C:\\wamp64\\www\\salexo\\vendor\\laravel\\framework\\src\\Illuminate\\Routing\\Router.php(797): Illuminate\\Pipeline\\Pipeline->then(Object(Closure))
#46 C:\\wamp64\\www\\salexo\\vendor\\laravel\\framework\\src\\Illuminate\\Routing\\Router.php(776): Illuminate\\Routing\\Router->runRouteWithinStack(Object(Illuminate\\Routing\\Route), Object(Illuminate\\Http\\Request))
#47 C:\\wamp64\\www\\salexo\\vendor\\laravel\\framework\\src\\Illuminate\\Routing\\Router.php(740): Illuminate\\Routing\\Router->runRoute(Object(Illuminate\\Http\\Request), Object(Illuminate\\Routing\\Route))
#48 C:\\wamp64\\www\\salexo\\vendor\\laravel\\framework\\src\\Illuminate\\Routing\\Router.php(729): Illuminate\\Routing\\Router->dispatchToRoute(Object(Illuminate\\Http\\Request))
#49 C:\\wamp64\\www\\salexo\\vendor\\laravel\\framework\\src\\Illuminate\\Foundation\\Http\\Kernel.php(190): Illuminate\\Routing\\Router->dispatch(Object(Illuminate\\Http\\Request))
#50 C:\\wamp64\\www\\salexo\\vendor\\laravel\\framework\\src\\Illuminate\\Pipeline\\Pipeline.php(141): Illuminate\\Foundation\\Http\\Kernel->Illuminate\\Foundation\\Http\\{closure}(Object(Illuminate\\Http\\Request))
#51 C:\\wamp64\\www\\salexo\\vendor\\laravel\\framework\\src\\Illuminate\\Foundation\\Http\\Middleware\\TransformsRequest.php(21): Illuminate\\Pipeline\\Pipeline->Illuminate\\Pipeline\\{closure}(Object(Illuminate\\Http\\Request))
#52 C:\\wamp64\\www\\salexo\\vendor\\laravel\\framework\\src\\Illuminate\\Foundation\\Http\\Middleware\\ConvertEmptyStringsToNull.php(31): Illuminate\\Foundation\\Http\\Middleware\\TransformsRequest->handle(Object(Illuminate\\Http\\Request), Object(Closure))
#53 C:\\wamp64\\www\\salexo\\vendor\\laravel\\framework\\src\\Illuminate\\Pipeline\\Pipeline.php(180): Illuminate\\Foundation\\Http\\Middleware\\ConvertEmptyStringsToNull->handle(Object(Illuminate\\Http\\Request), Object(Closure))
#54 C:\\wamp64\\www\\salexo\\vendor\\laravel\\framework\\src\\Illuminate\\Foundation\\Http\\Middleware\\TransformsRequest.php(21): Illuminate\\Pipeline\\Pipeline->Illuminate\\Pipeline\\{closure}(Object(Illuminate\\Http\\Request))
#55 C:\\wamp64\\www\\salexo\\vendor\\laravel\\framework\\src\\Illuminate\\Foundation\\Http\\Middleware\\TrimStrings.php(40): Illuminate\\Foundation\\Http\\Middleware\\TransformsRequest->handle(Object(Illuminate\\Http\\Request), Object(Closure))
#56 C:\\wamp64\\www\\salexo\\vendor\\laravel\\framework\\src\\Illuminate\\Pipeline\\Pipeline.php(180): Illuminate\\Foundation\\Http\\Middleware\\TrimStrings->handle(Object(Illuminate\\Http\\Request), Object(Closure))
#57 C:\\wamp64\\www\\salexo\\vendor\\laravel\\framework\\src\\Illuminate\\Foundation\\Http\\Middleware\\ValidatePostSize.php(27): Illuminate\\Pipeline\\Pipeline->Illuminate\\Pipeline\\{closure}(Object(Illuminate\\Http\\Request))
#58 C:\\wamp64\\www\\salexo\\vendor\\laravel\\framework\\src\\Illuminate\\Pipeline\\Pipeline.php(180): Illuminate\\Foundation\\Http\\Middleware\\ValidatePostSize->handle(Object(Illuminate\\Http\\Request), Object(Closure))
#59 C:\\wamp64\\www\\salexo\\vendor\\laravel\\framework\\src\\Illuminate\\Foundation\\Http\\Middleware\\PreventRequestsDuringMaintenance.php(86): Illuminate\\Pipeline\\Pipeline->Illuminate\\Pipeline\\{closure}(Object(Illuminate\\Http\\Request))
#60 C:\\wamp64\\www\\salexo\\vendor\\laravel\\framework\\src\\Illuminate\\Pipeline\\Pipeline.php(180): Illuminate\\Foundation\\Http\\Middleware\\PreventRequestsDuringMaintenance->handle(Object(Illuminate\\Http\\Request), Object(Closure))
#61 C:\\wamp64\\www\\salexo\\vendor\\fruitcake\\laravel-cors\\src\\HandleCors.php(38): Illuminate\\Pipeline\\Pipeline->Illuminate\\Pipeline\\{closure}(Object(Illuminate\\Http\\Request))
#62 C:\\wamp64\\www\\salexo\\vendor\\laravel\\framework\\src\\Illuminate\\Pipeline\\Pipeline.php(180): Fruitcake\\Cors\\HandleCors->handle(Object(Illuminate\\Http\\Request), Object(Closure))
#63 C:\\wamp64\\www\\salexo\\vendor\\laravel\\framework\\src\\Illuminate\\Http\\Middleware\\TrustProxies.php(39): Illuminate\\Pipeline\\Pipeline->Illuminate\\Pipeline\\{closure}(Object(Illuminate\\Http\\Request))
#64 C:\\wamp64\\www\\salexo\\vendor\\laravel\\framework\\src\\Illuminate\\Pipeline\\Pipeline.php(180): Illuminate\\Http\\Middleware\\TrustProxies->handle(Object(Illuminate\\Http\\Request), Object(Closure))
#65 C:\\wamp64\\www\\salexo\\vendor\\laravel\\framework\\src\\Illuminate\\Pipeline\\Pipeline.php(116): Illuminate\\Pipeline\\Pipeline->Illuminate\\Pipeline\\{closure}(Object(Illuminate\\Http\\Request))
#66 C:\\wamp64\\www\\salexo\\vendor\\laravel\\framework\\src\\Illuminate\\Foundation\\Http\\Kernel.php(165): Illuminate\\Pipeline\\Pipeline->then(Object(Closure))
#67 C:\\wamp64\\www\\salexo\\vendor\\laravel\\framework\\src\\Illuminate\\Foundation\\Http\\Kernel.php(134): Illuminate\\Foundation\\Http\\Kernel->sendRequestThroughRouter(Object(Illuminate\\Http\\Request))
#68 C:\\wamp64\\www\\salexo\\public\\index.php(108): Illuminate\\Foundation\\Http\\Kernel->handle(Object(Illuminate\\Http\\Request))
#69 C:\\wamp64\\www\\salexo\\server.php(21): require_once('C:\\\\wamp64\\\\www\\\\s...')
#70 {main}

[previous exception] [object] (ErrorException(code: 0): Attempt to read property \"role_id\" on null at C:\\wamp64\\www\\salexo\\storage\\framework\\views\\0f8a58091628bc7c1be47d25a263e9d961e2c363.php:6)
[stacktrace]
#0 C:\\wamp64\\www\\salexo\\vendor\\laravel\\framework\\src\\Illuminate\\Foundation\\Bootstrap\\HandleExceptions.php(270): Illuminate\\Foundation\\Bootstrap\\HandleExceptions->handleError(2, 'Attempt to read...', 'C:\\\\wamp64\\\\www\\\\s...', 6)
#1 C:\\wamp64\\www\\salexo\\storage\\framework\\views\\0f8a58091628bc7c1be47d25a263e9d961e2c363.php(6): Illuminate\\Foundation\\Bootstrap\\HandleExceptions->Illuminate\\Foundation\\Bootstrap\\{closure}(2, 'Attempt to read...', 'C:\\\\wamp64\\\\www\\\\s...', 6)
#2 C:\\wamp64\\www\\salexo\\vendor\\laravel\\framework\\src\\Illuminate\\Filesystem\\Filesystem.php(109): require('C:\\\\wamp64\\\\www\\\\s...')
#3 C:\\wamp64\\www\\salexo\\vendor\\laravel\\framework\\src\\Illuminate\\Filesystem\\Filesystem.php(110): Illuminate\\Filesystem\\Filesystem::Illuminate\\Filesystem\\{closure}()
#4 C:\\wamp64\\www\\salexo\\vendor\\laravel\\framework\\src\\Illuminate\\View\\Engines\\PhpEngine.php(58): Illuminate\\Filesystem\\Filesystem->getRequire('C:\\\\wamp64\\\\www\\\\s...', Array)
#5 C:\\wamp64\\www\\salexo\\vendor\\laravel\\framework\\src\\Illuminate\\View\\Engines\\CompilerEngine.php(70): Illuminate\\View\\Engines\\PhpEngine->evaluatePath('C:\\\\wamp64\\\\www\\\\s...', Array)
#6 C:\\wamp64\\www\\salexo\\vendor\\laravel\\framework\\src\\Illuminate\\View\\View.php(195): Illuminate\\View\\Engines\\CompilerEngine->get('C:\\\\wamp64\\\\www\\\\s...', Array)
#7 C:\\wamp64\\www\\salexo\\vendor\\laravel\\framework\\src\\Illuminate\\View\\View.php(178): Illuminate\\View\\View->getContents()
#8 C:\\wamp64\\www\\salexo\\vendor\\laravel\\framework\\src\\Illuminate\\View\\View.php(147): Illuminate\\View\\View->renderContents()
#9 C:\\wamp64\\www\\salexo\\storage\\framework\\views\\94c52315f5c980478299dc969a2fb6661a1b25ad.php(14): Illuminate\\View\\View->render()
#10 C:\\wamp64\\www\\salexo\\vendor\\laravel\\framework\\src\\Illuminate\\Filesystem\\Filesystem.php(109): require('C:\\\\wamp64\\\\www\\\\s...')
#11 C:\\wamp64\\www\\salexo\\vendor\\laravel\\framework\\src\\Illuminate\\Filesystem\\Filesystem.php(110): Illuminate\\Filesystem\\Filesystem::Illuminate\\Filesystem\\{closure}()
#12 C:\\wamp64\\www\\salexo\\vendor\\laravel\\framework\\src\\Illuminate\\View\\Engines\\PhpEngine.php(58): Illuminate\\Filesystem\\Filesystem->getRequire('C:\\\\wamp64\\\\www\\\\s...', Array)
#13 C:\\wamp64\\www\\salexo\\vendor\\laravel\\framework\\src\\Illuminate\\View\\Engines\\CompilerEngine.php(70): Illuminate\\View\\Engines\\PhpEngine->evaluatePath('C:\\\\wamp64\\\\www\\\\s...', Array)
#14 C:\\wamp64\\www\\salexo\\vendor\\laravel\\framework\\src\\Illuminate\\View\\View.php(195): Illuminate\\View\\Engines\\CompilerEngine->get('C:\\\\wamp64\\\\www\\\\s...', Array)
#15 C:\\wamp64\\www\\salexo\\vendor\\laravel\\framework\\src\\Illuminate\\View\\View.php(178): Illuminate\\View\\View->getContents()
#16 C:\\wamp64\\www\\salexo\\vendor\\laravel\\framework\\src\\Illuminate\\View\\View.php(147): Illuminate\\View\\View->renderContents()
#17 C:\\wamp64\\www\\salexo\\storage\\framework\\views\\afb1d6dbd00439ca36368f891f07a032a8edbfde.php(20): Illuminate\\View\\View->render()
#18 C:\\wamp64\\www\\salexo\\vendor\\laravel\\framework\\src\\Illuminate\\Filesystem\\Filesystem.php(109): require('C:\\\\wamp64\\\\www\\\\s...')
#19 C:\\wamp64\\www\\salexo\\vendor\\laravel\\framework\\src\\Illuminate\\Filesystem\\Filesystem.php(110): Illuminate\\Filesystem\\Filesystem::Illuminate\\Filesystem\\{closure}()
#20 C:\\wamp64\\www\\salexo\\vendor\\laravel\\framework\\src\\Illuminate\\View\\Engines\\PhpEngine.php(58): Illuminate\\Filesystem\\Filesystem->getRequire('C:\\\\wamp64\\\\www\\\\s...', Array)
#21 C:\\wamp64\\www\\salexo\\vendor\\laravel\\framework\\src\\Illuminate\\View\\Engines\\CompilerEngine.php(70): Illuminate\\View\\Engines\\PhpEngine->evaluatePath('C:\\\\wamp64\\\\www\\\\s...', Array)
#22 C:\\wamp64\\www\\salexo\\vendor\\laravel\\framework\\src\\Illuminate\\View\\View.php(195): Illuminate\\View\\Engines\\CompilerEngine->get('C:\\\\wamp64\\\\www\\\\s...', Array)
#23 C:\\wamp64\\www\\salexo\\vendor\\laravel\\framework\\src\\Illuminate\\View\\View.php(178): Illuminate\\View\\View->getContents()
#24 C:\\wamp64\\www\\salexo\\vendor\\laravel\\framework\\src\\Illuminate\\View\\View.php(147): Illuminate\\View\\View->renderContents()
#25 C:\\wamp64\\www\\salexo\\vendor\\laravel\\framework\\src\\Illuminate\\Http\\Response.php(69): Illuminate\\View\\View->render()
#26 C:\\wamp64\\www\\salexo\\vendor\\laravel\\framework\\src\\Illuminate\\Http\\Response.php(35): Illuminate\\Http\\Response->setContent(Object(Illuminate\\View\\View))
#27 C:\\wamp64\\www\\salexo\\vendor\\laravel\\framework\\src\\Illuminate\\Routing\\Router.php(906): Illuminate\\Http\\Response->__construct(Object(Illuminate\\View\\View), 200, Array)
#28 C:\\wamp64\\www\\salexo\\vendor\\laravel\\framework\\src\\Illuminate\\Routing\\Router.php(875): Illuminate\\Routing\\Router::toResponse(Object(Illuminate\\Http\\Request), Object(Illuminate\\View\\View))
#29 C:\\wamp64\\www\\salexo\\vendor\\laravel\\framework\\src\\Illuminate\\Routing\\Router.php(797): Illuminate\\Routing\\Router->prepareResponse(Object(Illuminate\\Http\\Request), Object(Illuminate\\View\\View))
#30 C:\\wamp64\\www\\salexo\\vendor\\laravel\\framework\\src\\Illuminate\\Pipeline\\Pipeline.php(141): Illuminate\\Routing\\Router->Illuminate\\Routing\\{closure}(Object(Illuminate\\Http\\Request))
#31 C:\\wamp64\\www\\salexo\\vendor\\laravel\\framework\\src\\Illuminate\\Routing\\Middleware\\SubstituteBindings.php(50): Illuminate\\Pipeline\\Pipeline->Illuminate\\Pipeline\\{closure}(Object(Illuminate\\Http\\Request))
#32 C:\\wamp64\\www\\salexo\\vendor\\laravel\\framework\\src\\Illuminate\\Pipeline\\Pipeline.php(180): Illuminate\\Routing\\Middleware\\SubstituteBindings->handle(Object(Illuminate\\Http\\Request), Object(Closure))
#33 C:\\wamp64\\www\\salexo\\vendor\\laravel\\framework\\src\\Illuminate\\Foundation\\Http\\Middleware\\VerifyCsrfToken.php(78): Illuminate\\Pipeline\\Pipeline->Illuminate\\Pipeline\\{closure}(Object(Illuminate\\Http\\Request))
#34 C:\\wamp64\\www\\salexo\\vendor\\laravel\\framework\\src\\Illuminate\\Pipeline\\Pipeline.php(180): Illuminate\\Foundation\\Http\\Middleware\\VerifyCsrfToken->handle(Object(Illuminate\\Http\\Request), Object(Closure))
#35 C:\\wamp64\\www\\salexo\\vendor\\laravel\\framework\\src\\Illuminate\\View\\Middleware\\ShareErrorsFromSession.php(49): Illuminate\\Pipeline\\Pipeline->Illuminate\\Pipeline\\{closure}(Object(Illuminate\\Http\\Request))
#36 C:\\wamp64\\www\\salexo\\vendor\\laravel\\framework\\src\\Illuminate\\Pipeline\\Pipeline.php(180): Illuminate\\View\\Middleware\\ShareErrorsFromSession->handle(Object(Illuminate\\Http\\Request), Object(Closure))
#37 C:\\wamp64\\www\\salexo\\vendor\\laravel\\framework\\src\\Illuminate\\Session\\Middleware\\StartSession.php(121): Illuminate\\Pipeline\\Pipeline->Illuminate\\Pipeline\\{closure}(Object(Illuminate\\Http\\Request))
#38 C:\\wamp64\\www\\salexo\\vendor\\laravel\\framework\\src\\Illuminate\\Session\\Middleware\\StartSession.php(64): Illuminate\\Session\\Middleware\\StartSession->handleStatefulRequest(Object(Illuminate\\Http\\Request), Object(Illuminate\\Session\\Store), Object(Closure))
#39 C:\\wamp64\\www\\salexo\\vendor\\laravel\\framework\\src\\Illuminate\\Pipeline\\Pipeline.php(180): Illuminate\\Session\\Middleware\\StartSession->handle(Object(Illuminate\\Http\\Request), Object(Closure))
#40 C:\\wamp64\\www\\salexo\\vendor\\laravel\\framework\\src\\Illuminate\\Cookie\\Middleware\\AddQueuedCookiesToResponse.php(37): Illuminate\\Pipeline\\Pipeline->Illuminate\\Pipeline\\{closure}(Object(Illuminate\\Http\\Request))
#41 C:\\wamp64\\www\\salexo\\vendor\\laravel\\framework\\src\\Illuminate\\Pipeline\\Pipeline.php(180): Illuminate\\Cookie\\Middleware\\AddQueuedCookiesToResponse->handle(Object(Illuminate\\Http\\Request), Object(Closure))
#42 C:\\wamp64\\www\\salexo\\vendor\\laravel\\framework\\src\\Illuminate\\Cookie\\Middleware\\EncryptCookies.php(67): Illuminate\\Pipeline\\Pipeline->Illuminate\\Pipeline\\{closure}(Object(Illuminate\\Http\\Request))
#43 C:\\wamp64\\www\\salexo\\vendor\\laravel\\framework\\src\\Illuminate\\Pipeline\\Pipeline.php(180): Illuminate\\Cookie\\Middleware\\EncryptCookies->handle(Object(Illuminate\\Http\\Request), Object(Closure))
#44 C:\\wamp64\\www\\salexo\\vendor\\laravel\\framework\\src\\Illuminate\\Pipeline\\Pipeline.php(116): Illuminate\\Pipeline\\Pipeline->Illuminate\\Pipeline\\{closure}(Object(Illuminate\\Http\\Request))
#45 C:\\wamp64\\www\\salexo\\vendor\\laravel\\framework\\src\\Illuminate\\Routing\\Router.php(797): Illuminate\\Pipeline\\Pipeline->then(Object(Closure))
#46 C:\\wamp64\\www\\salexo\\vendor\\laravel\\framework\\src\\Illuminate\\Routing\\Router.php(776): Illuminate\\Routing\\Router->runRouteWithinStack(Object(Illuminate\\Routing\\Route), Object(Illuminate\\Http\\Request))
#47 C:\\wamp64\\www\\salexo\\vendor\\laravel\\framework\\src\\Illuminate\\Routing\\Router.php(740): Illuminate\\Routing\\Router->runRoute(Object(Illuminate\\Http\\Request), Object(Illuminate\\Routing\\Route))
#48 C:\\wamp64\\www\\salexo\\vendor\\laravel\\framework\\src\\Illuminate\\Routing\\Router.php(729): Illuminate\\Routing\\Router->dispatchToRoute(Object(Illuminate\\Http\\Request))
#49 C:\\wamp64\\www\\salexo\\vendor\\laravel\\framework\\src\\Illuminate\\Foundation\\Http\\Kernel.php(190): Illuminate\\Routing\\Router->dispatch(Object(Illuminate\\Http\\Request))
#50 C:\\wamp64\\www\\salexo\\vendor\\laravel\\framework\\src\\Illuminate\\Pipeline\\Pipeline.php(141): Illuminate\\Foundation\\Http\\Kernel->Illuminate\\Foundation\\Http\\{closure}(Object(Illuminate\\Http\\Request))
#51 C:\\wamp64\\www\\salexo\\vendor\\laravel\\framework\\src\\Illuminate\\Foundation\\Http\\Middleware\\TransformsRequest.php(21): Illuminate\\Pipeline\\Pipeline->Illuminate\\Pipeline\\{closure}(Object(Illuminate\\Http\\Request))
#52 C:\\wamp64\\www\\salexo\\vendor\\laravel\\framework\\src\\Illuminate\\Foundation\\Http\\Middleware\\ConvertEmptyStringsToNull.php(31): Illuminate\\Foundation\\Http\\Middleware\\TransformsRequest->handle(Object(Illuminate\\Http\\Request), Object(Closure))
#53 C:\\wamp64\\www\\salexo\\vendor\\laravel\\framework\\src\\Illuminate\\Pipeline\\Pipeline.php(180): Illuminate\\Foundation\\Http\\Middleware\\ConvertEmptyStringsToNull->handle(Object(Illuminate\\Http\\Request), Object(Closure))
#54 C:\\wamp64\\www\\salexo\\vendor\\laravel\\framework\\src\\Illuminate\\Foundation\\Http\\Middleware\\TransformsRequest.php(21): Illuminate\\Pipeline\\Pipeline->Illuminate\\Pipeline\\{closure}(Object(Illuminate\\Http\\Request))
#55 C:\\wamp64\\www\\salexo\\vendor\\laravel\\framework\\src\\Illuminate\\Foundation\\Http\\Middleware\\TrimStrings.php(40): Illuminate\\Foundation\\Http\\Middleware\\TransformsRequest->handle(Object(Illuminate\\Http\\Request), Object(Closure))
#56 C:\\wamp64\\www\\salexo\\vendor\\laravel\\framework\\src\\Illuminate\\Pipeline\\Pipeline.php(180): Illuminate\\Foundation\\Http\\Middleware\\TrimStrings->handle(Object(Illuminate\\Http\\Request), Object(Closure))
#57 C:\\wamp64\\www\\salexo\\vendor\\laravel\\framework\\src\\Illuminate\\Foundation\\Http\\Middleware\\ValidatePostSize.php(27): Illuminate\\Pipeline\\Pipeline->Illuminate\\Pipeline\\{closure}(Object(Illuminate\\Http\\Request))
#58 C:\\wamp64\\www\\salexo\\vendor\\laravel\\framework\\src\\Illuminate\\Pipeline\\Pipeline.php(180): Illuminate\\Foundation\\Http\\Middleware\\ValidatePostSize->handle(Object(Illuminate\\Http\\Request), Object(Closure))
#59 C:\\wamp64\\www\\salexo\\vendor\\laravel\\framework\\src\\Illuminate\\Foundation\\Http\\Middleware\\PreventRequestsDuringMaintenance.php(86): Illuminate\\Pipeline\\Pipeline->Illuminate\\Pipeline\\{closure}(Object(Illuminate\\Http\\Request))
#60 C:\\wamp64\\www\\salexo\\vendor\\laravel\\framework\\src\\Illuminate\\Pipeline\\Pipeline.php(180): Illuminate\\Foundation\\Http\\Middleware\\PreventRequestsDuringMaintenance->handle(Object(Illuminate\\Http\\Request), Object(Closure))
#61 C:\\wamp64\\www\\salexo\\vendor\\fruitcake\\laravel-cors\\src\\HandleCors.php(38): Illuminate\\Pipeline\\Pipeline->Illuminate\\Pipeline\\{closure}(Object(Illuminate\\Http\\Request))
#62 C:\\wamp64\\www\\salexo\\vendor\\laravel\\framework\\src\\Illuminate\\Pipeline\\Pipeline.php(180): Fruitcake\\Cors\\HandleCors->handle(Object(Illuminate\\Http\\Request), Object(Closure))
#63 C:\\wamp64\\www\\salexo\\vendor\\laravel\\framework\\src\\Illuminate\\Http\\Middleware\\TrustProxies.php(39): Illuminate\\Pipeline\\Pipeline->Illuminate\\Pipeline\\{closure}(Object(Illuminate\\Http\\Request))
#64 C:\\wamp64\\www\\salexo\\vendor\\laravel\\framework\\src\\Illuminate\\Pipeline\\Pipeline.php(180): Illuminate\\Http\\Middleware\\TrustProxies->handle(Object(Illuminate\\Http\\Request), Object(Closure))
#65 C:\\wamp64\\www\\salexo\\vendor\\laravel\\framework\\src\\Illuminate\\Pipeline\\Pipeline.php(116): Illuminate\\Pipeline\\Pipeline->Illuminate\\Pipeline\\{closure}(Object(Illuminate\\Http\\Request))
#66 C:\\wamp64\\www\\salexo\\vendor\\laravel\\framework\\src\\Illuminate\\Foundation\\Http\\Kernel.php(165): Illuminate\\Pipeline\\Pipeline->then(Object(Closure))
#67 C:\\wamp64\\www\\salexo\\vendor\\laravel\\framework\\src\\Illuminate\\Foundation\\Http\\Kernel.php(134): Illuminate\\Foundation\\Http\\Kernel->sendRequestThroughRouter(Object(Illuminate\\Http\\Request))
#68 C:\\wamp64\\www\\salexo\\public\\index.php(108): Illuminate\\Foundation\\Http\\Kernel->handle(Object(Illuminate\\Http\\Request))
#69 C:\\wamp64\\www\\salexo\\server.php(21): require_once('C:\\\\wamp64\\\\www\\\\s...')
#70 {main}
"} 
[2026-02-09 14:11:26] local.ERROR: Attempt to read property "role_id" on null {"view":{"view":"C:\\wamp64\\www\\salexo\\resources\\views\\common\\superadmin\\header.blade.php","data":{"errors":"<pre class=sf-dump id=sf-dump-1629502858 data-indent-pad=\"  \"><span class=sf-dump-note>Illuminate\\Support\\ViewErrorBag</span> {<a class=sf-dump-ref>#1975</a><samp data-depth=1 class=sf-dump-expanded>
  #<span class=sf-dump-protected title=\"Protected property\">bags</span>: []
</samp>}
</pre><script>Sfdump(\"sf-dump-1629502858\", {\"maxDepth\":3,\"maxStringLength\":160})</script>
"}},"exception":"[object] (Spatie\\LaravelIgnition\\Exceptions\\ViewException(code: 0): Attempt to read property \"role_id\" on null at C:\\wamp64\\www\\salexo\\resources\\views\\common\\superadmin\\header.blade.php:6)
[stacktrace]
#0 C:\\wamp64\\www\\salexo\\vendor\\laravel\\framework\\src\\Illuminate\\Foundation\\Bootstrap\\HandleExceptions.php(270): Illuminate\\Foundation\\Bootstrap\\HandleExceptions->handleError(2, 'Attempt to read...', 'C:\\\\wamp64\\\\www\\\\s...', 6)
#1 C:\\wamp64\\www\\salexo\\resources\\views\\common\\superadmin\\header.blade.php(6): Illuminate\\Foundation\\Bootstrap\\HandleExceptions->Illuminate\\Foundation\\Bootstrap\\{closure}(2, 'Attempt to read...', 'C:\\\\wamp64\\\\www\\\\s...', 6)
#2 C:\\wamp64\\www\\salexo\\vendor\\laravel\\framework\\src\\Illuminate\\Filesystem\\Filesystem.php(109): require('C:\\\\wamp64\\\\www\\\\s...')
#3 C:\\wamp64\\www\\salexo\\vendor\\laravel\\framework\\src\\Illuminate\\Filesystem\\Filesystem.php(110): Illuminate\\Filesystem\\Filesystem::Illuminate\\Filesystem\\{closure}()
#4 C:\\wamp64\\www\\salexo\\vendor\\laravel\\framework\\src\\Illuminate\\View\\Engines\\PhpEngine.php(58): Illuminate\\Filesystem\\Filesystem->getRequire('C:\\\\wamp64\\\\www\\\\s...', Array)
#5 C:\\wamp64\\www\\salexo\\vendor\\laravel\\framework\\src\\Illuminate\\View\\Engines\\CompilerEngine.php(70): Illuminate\\View\\Engines\\PhpEngine->evaluatePath('C:\\\\wamp64\\\\www\\\\s...', Array)
#6 C:\\wamp64\\www\\salexo\\vendor\\laravel\\framework\\src\\Illuminate\\View\\View.php(195): Illuminate\\View\\Engines\\CompilerEngine->get('C:\\\\wamp64\\\\www\\\\s...', Array)
#7 C:\\wamp64\\www\\salexo\\vendor\\laravel\\framework\\src\\Illuminate\\View\\View.php(178): Illuminate\\View\\View->getContents()
#8 C:\\wamp64\\www\\salexo\\vendor\\laravel\\framework\\src\\Illuminate\\View\\View.php(147): Illuminate\\View\\View->renderContents()
#9 C:\\wamp64\\www\\salexo\\resources\\views\\layouts\\app.blade.php(14): Illuminate\\View\\View->render()
#10 C:\\wamp64\\www\\salexo\\vendor\\laravel\\framework\\src\\Illuminate\\Filesystem\\Filesystem.php(109): require('C:\\\\wamp64\\\\www\\\\s...')
#11 C:\\wamp64\\www\\salexo\\vendor\\laravel\\framework\\src\\Illuminate\\Filesystem\\Filesystem.php(110): Illuminate\\Filesystem\\Filesystem::Illuminate\\Filesystem\\{closure}()
#12 C:\\wamp64\\www\\salexo\\vendor\\laravel\\framework\\src\\Illuminate\\View\\Engines\\PhpEngine.php(58): Illuminate\\Filesystem\\Filesystem->getRequire('C:\\\\wamp64\\\\www\\\\s...', Array)
#13 C:\\wamp64\\www\\salexo\\vendor\\laravel\\framework\\src\\Illuminate\\View\\Engines\\CompilerEngine.php(70): Illuminate\\View\\Engines\\PhpEngine->evaluatePath('C:\\\\wamp64\\\\www\\\\s...', Array)
#14 C:\\wamp64\\www\\salexo\\vendor\\laravel\\framework\\src\\Illuminate\\View\\View.php(195): Illuminate\\View\\Engines\\CompilerEngine->get('C:\\\\wamp64\\\\www\\\\s...', Array)
#15 C:\\wamp64\\www\\salexo\\vendor\\laravel\\framework\\src\\Illuminate\\View\\View.php(178): Illuminate\\View\\View->getContents()
#16 C:\\wamp64\\www\\salexo\\vendor\\laravel\\framework\\src\\Illuminate\\View\\View.php(147): Illuminate\\View\\View->renderContents()
#17 C:\\wamp64\\www\\salexo\\resources\\views\\errors\\404.blade.php(19): Illuminate\\View\\View->render()
#18 C:\\wamp64\\www\\salexo\\vendor\\laravel\\framework\\src\\Illuminate\\Filesystem\\Filesystem.php(109): require('C:\\\\wamp64\\\\www\\\\s...')
#19 C:\\wamp64\\www\\salexo\\vendor\\laravel\\framework\\src\\Illuminate\\Filesystem\\Filesystem.php(110): Illuminate\\Filesystem\\Filesystem::Illuminate\\Filesystem\\{closure}()
#20 C:\\wamp64\\www\\salexo\\vendor\\laravel\\framework\\src\\Illuminate\\View\\Engines\\PhpEngine.php(58): Illuminate\\Filesystem\\Filesystem->getRequire('C:\\\\wamp64\\\\www\\\\s...', Array)
#21 C:\\wamp64\\www\\salexo\\vendor\\laravel\\framework\\src\\Illuminate\\View\\Engines\\CompilerEngine.php(70): Illuminate\\View\\Engines\\PhpEngine->evaluatePath('C:\\\\wamp64\\\\www\\\\s...', Array)
#22 C:\\wamp64\\www\\salexo\\vendor\\laravel\\framework\\src\\Illuminate\\View\\View.php(195): Illuminate\\View\\Engines\\CompilerEngine->get('C:\\\\wamp64\\\\www\\\\s...', Array)
#23 C:\\wamp64\\www\\salexo\\vendor\\laravel\\framework\\src\\Illuminate\\View\\View.php(178): Illuminate\\View\\View->getContents()
#24 C:\\wamp64\\www\\salexo\\vendor\\laravel\\framework\\src\\Illuminate\\View\\View.php(147): Illuminate\\View\\View->renderContents()
#25 C:\\wamp64\\www\\salexo\\vendor\\laravel\\framework\\src\\Illuminate\\Http\\Response.php(69): Illuminate\\View\\View->render()
#26 C:\\wamp64\\www\\salexo\\vendor\\laravel\\framework\\src\\Illuminate\\Http\\Response.php(35): Illuminate\\Http\\Response->setContent(Object(Illuminate\\View\\View))
#27 C:\\wamp64\\www\\salexo\\vendor\\laravel\\framework\\src\\Illuminate\\Routing\\Router.php(906): Illuminate\\Http\\Response->__construct(Object(Illuminate\\View\\View), 200, Array)
#28 C:\\wamp64\\www\\salexo\\vendor\\laravel\\framework\\src\\Illuminate\\Routing\\Router.php(875): Illuminate\\Routing\\Router::toResponse(Object(Illuminate\\Http\\Request), Object(Illuminate\\View\\View))
#29 C:\\wamp64\\www\\salexo\\vendor\\laravel\\framework\\src\\Illuminate\\Routing\\Router.php(797): Illuminate\\Routing\\Router->prepareResponse(Object(Illuminate\\Http\\Request), Object(Illuminate\\View\\View))
#30 C:\\wamp64\\www\\salexo\\vendor\\laravel\\framework\\src\\Illuminate\\Pipeline\\Pipeline.php(141): Illuminate\\Routing\\Router->Illuminate\\Routing\\{closure}(Object(Illuminate\\Http\\Request))
#31 C:\\wamp64\\www\\salexo\\vendor\\laravel\\framework\\src\\Illuminate\\Routing\\Middleware\\SubstituteBindings.php(50): Illuminate\\Pipeline\\Pipeline->Illuminate\\Pipeline\\{closure}(Object(Illuminate\\Http\\Request))
#32 C:\\wamp64\\www\\salexo\\vendor\\laravel\\framework\\src\\Illuminate\\Pipeline\\Pipeline.php(180): Illuminate\\Routing\\Middleware\\SubstituteBindings->handle(Object(Illuminate\\Http\\Request), Object(Closure))
#33 C:\\wamp64\\www\\salexo\\vendor\\laravel\\framework\\src\\Illuminate\\Foundation\\Http\\Middleware\\VerifyCsrfToken.php(78): Illuminate\\Pipeline\\Pipeline->Illuminate\\Pipeline\\{closure}(Object(Illuminate\\Http\\Request))
#34 C:\\wamp64\\www\\salexo\\vendor\\laravel\\framework\\src\\Illuminate\\Pipeline\\Pipeline.php(180): Illuminate\\Foundation\\Http\\Middleware\\VerifyCsrfToken->handle(Object(Illuminate\\Http\\Request), Object(Closure))
#35 C:\\wamp64\\www\\salexo\\vendor\\laravel\\framework\\src\\Illuminate\\View\\Middleware\\ShareErrorsFromSession.php(49): Illuminate\\Pipeline\\Pipeline->Illuminate\\Pipeline\\{closure}(Object(Illuminate\\Http\\Request))
#36 C:\\wamp64\\www\\salexo\\vendor\\laravel\\framework\\src\\Illuminate\\Pipeline\\Pipeline.php(180): Illuminate\\View\\Middleware\\ShareErrorsFromSession->handle(Object(Illuminate\\Http\\Request), Object(Closure))
#37 C:\\wamp64\\www\\salexo\\vendor\\laravel\\framework\\src\\Illuminate\\Session\\Middleware\\StartSession.php(121): Illuminate\\Pipeline\\Pipeline->Illuminate\\Pipeline\\{closure}(Object(Illuminate\\Http\\Request))
#38 C:\\wamp64\\www\\salexo\\vendor\\laravel\\framework\\src\\Illuminate\\Session\\Middleware\\StartSession.php(64): Illuminate\\Session\\Middleware\\StartSession->handleStatefulRequest(Object(Illuminate\\Http\\Request), Object(Illuminate\\Session\\Store), Object(Closure))
#39 C:\\wamp64\\www\\salexo\\vendor\\laravel\\framework\\src\\Illuminate\\Pipeline\\Pipeline.php(180): Illuminate\\Session\\Middleware\\StartSession->handle(Object(Illuminate\\Http\\Request), Object(Closure))
#40 C:\\wamp64\\www\\salexo\\vendor\\laravel\\framework\\src\\Illuminate\\Cookie\\Middleware\\AddQueuedCookiesToResponse.php(37): Illuminate\\Pipeline\\Pipeline->Illuminate\\Pipeline\\{closure}(Object(Illuminate\\Http\\Request))
#41 C:\\wamp64\\www\\salexo\\vendor\\laravel\\framework\\src\\Illuminate\\Pipeline\\Pipeline.php(180): Illuminate\\Cookie\\Middleware\\AddQueuedCookiesToResponse->handle(Object(Illuminate\\Http\\Request), Object(Closure))
#42 C:\\wamp64\\www\\salexo\\vendor\\laravel\\framework\\src\\Illuminate\\Cookie\\Middleware\\EncryptCookies.php(67): Illuminate\\Pipeline\\Pipeline->Illuminate\\Pipeline\\{closure}(Object(Illuminate\\Http\\Request))
#43 C:\\wamp64\\www\\salexo\\vendor\\laravel\\framework\\src\\Illuminate\\Pipeline\\Pipeline.php(180): Illuminate\\Cookie\\Middleware\\EncryptCookies->handle(Object(Illuminate\\Http\\Request), Object(Closure))
#44 C:\\wamp64\\www\\salexo\\vendor\\laravel\\framework\\src\\Illuminate\\Pipeline\\Pipeline.php(116): Illuminate\\Pipeline\\Pipeline->Illuminate\\Pipeline\\{closure}(Object(Illuminate\\Http\\Request))
#45 C:\\wamp64\\www\\salexo\\vendor\\laravel\\framework\\src\\Illuminate\\Routing\\Router.php(797): Illuminate\\Pipeline\\Pipeline->then(Object(Closure))
#46 C:\\wamp64\\www\\salexo\\vendor\\laravel\\framework\\src\\Illuminate\\Routing\\Router.php(776): Illuminate\\Routing\\Router->runRouteWithinStack(Object(Illuminate\\Routing\\Route), Object(Illuminate\\Http\\Request))
#47 C:\\wamp64\\www\\salexo\\vendor\\laravel\\framework\\src\\Illuminate\\Routing\\Router.php(740): Illuminate\\Routing\\Router->runRoute(Object(Illuminate\\Http\\Request), Object(Illuminate\\Routing\\Route))
#48 C:\\wamp64\\www\\salexo\\vendor\\laravel\\framework\\src\\Illuminate\\Routing\\Router.php(729): Illuminate\\Routing\\Router->dispatchToRoute(Object(Illuminate\\Http\\Request))
#49 C:\\wamp64\\www\\salexo\\vendor\\laravel\\framework\\src\\Illuminate\\Foundation\\Http\\Kernel.php(190): Illuminate\\Routing\\Router->dispatch(Object(Illuminate\\Http\\Request))
#50 C:\\wamp64\\www\\salexo\\vendor\\laravel\\framework\\src\\Illuminate\\Pipeline\\Pipeline.php(141): Illuminate\\Foundation\\Http\\Kernel->Illuminate\\Foundation\\Http\\{closure}(Object(Illuminate\\Http\\Request))
#51 C:\\wamp64\\www\\salexo\\vendor\\laravel\\framework\\src\\Illuminate\\Foundation\\Http\\Middleware\\TransformsRequest.php(21): Illuminate\\Pipeline\\Pipeline->Illuminate\\Pipeline\\{closure}(Object(Illuminate\\Http\\Request))
#52 C:\\wamp64\\www\\salexo\\vendor\\laravel\\framework\\src\\Illuminate\\Foundation\\Http\\Middleware\\ConvertEmptyStringsToNull.php(31): Illuminate\\Foundation\\Http\\Middleware\\TransformsRequest->handle(Object(Illuminate\\Http\\Request), Object(Closure))
#53 C:\\wamp64\\www\\salexo\\vendor\\laravel\\framework\\src\\Illuminate\\Pipeline\\Pipeline.php(180): Illuminate\\Foundation\\Http\\Middleware\\ConvertEmptyStringsToNull->handle(Object(Illuminate\\Http\\Request), Object(Closure))
#54 C:\\wamp64\\www\\salexo\\vendor\\laravel\\framework\\src\\Illuminate\\Foundation\\Http\\Middleware\\TransformsRequest.php(21): Illuminate\\Pipeline\\Pipeline->Illuminate\\Pipeline\\{closure}(Object(Illuminate\\Http\\Request))
#55 C:\\wamp64\\www\\salexo\\vendor\\laravel\\framework\\src\\Illuminate\\Foundation\\Http\\Middleware\\TrimStrings.php(40): Illuminate\\Foundation\\Http\\Middleware\\TransformsRequest->handle(Object(Illuminate\\Http\\Request), Object(Closure))
#56 C:\\wamp64\\www\\salexo\\vendor\\laravel\\framework\\src\\Illuminate\\Pipeline\\Pipeline.php(180): Illuminate\\Foundation\\Http\\Middleware\\TrimStrings->handle(Object(Illuminate\\Http\\Request), Object(Closure))
#57 C:\\wamp64\\www\\salexo\\vendor\\laravel\\framework\\src\\Illuminate\\Foundation\\Http\\Middleware\\ValidatePostSize.php(27): Illuminate\\Pipeline\\Pipeline->Illuminate\\Pipeline\\{closure}(Object(Illuminate\\Http\\Request))
#58 C:\\wamp64\\www\\salexo\\vendor\\laravel\\framework\\src\\Illuminate\\Pipeline\\Pipeline.php(180): Illuminate\\Foundation\\Http\\Middleware\\ValidatePostSize->handle(Object(Illuminate\\Http\\Request), Object(Closure))
#59 C:\\wamp64\\www\\salexo\\vendor\\laravel\\framework\\src\\Illuminate\\Foundation\\Http\\Middleware\\PreventRequestsDuringMaintenance.php(86): Illuminate\\Pipeline\\Pipeline->Illuminate\\Pipeline\\{closure}(Object(Illuminate\\Http\\Request))
#60 C:\\wamp64\\www\\salexo\\vendor\\laravel\\framework\\src\\Illuminate\\Pipeline\\Pipeline.php(180): Illuminate\\Foundation\\Http\\Middleware\\PreventRequestsDuringMaintenance->handle(Object(Illuminate\\Http\\Request), Object(Closure))
#61 C:\\wamp64\\www\\salexo\\vendor\\fruitcake\\laravel-cors\\src\\HandleCors.php(38): Illuminate\\Pipeline\\Pipeline->Illuminate\\Pipeline\\{closure}(Object(Illuminate\\Http\\Request))
#62 C:\\wamp64\\www\\salexo\\vendor\\laravel\\framework\\src\\Illuminate\\Pipeline\\Pipeline.php(180): Fruitcake\\Cors\\HandleCors->handle(Object(Illuminate\\Http\\Request), Object(Closure))
#63 C:\\wamp64\\www\\salexo\\vendor\\laravel\\framework\\src\\Illuminate\\Http\\Middleware\\TrustProxies.php(39): Illuminate\\Pipeline\\Pipeline->Illuminate\\Pipeline\\{closure}(Object(Illuminate\\Http\\Request))
#64 C:\\wamp64\\www\\salexo\\vendor\\laravel\\framework\\src\\Illuminate\\Pipeline\\Pipeline.php(180): Illuminate\\Http\\Middleware\\TrustProxies->handle(Object(Illuminate\\Http\\Request), Object(Closure))
#65 C:\\wamp64\\www\\salexo\\vendor\\laravel\\framework\\src\\Illuminate\\Pipeline\\Pipeline.php(116): Illuminate\\Pipeline\\Pipeline->Illuminate\\Pipeline\\{closure}(Object(Illuminate\\Http\\Request))
#66 C:\\wamp64\\www\\salexo\\vendor\\laravel\\framework\\src\\Illuminate\\Foundation\\Http\\Kernel.php(165): Illuminate\\Pipeline\\Pipeline->then(Object(Closure))
#67 C:\\wamp64\\www\\salexo\\vendor\\laravel\\framework\\src\\Illuminate\\Foundation\\Http\\Kernel.php(134): Illuminate\\Foundation\\Http\\Kernel->sendRequestThroughRouter(Object(Illuminate\\Http\\Request))
#68 C:\\wamp64\\www\\salexo\\public\\index.php(108): Illuminate\\Foundation\\Http\\Kernel->handle(Object(Illuminate\\Http\\Request))
#69 C:\\wamp64\\www\\salexo\\server.php(21): require_once('C:\\\\wamp64\\\\www\\\\s...')
#70 {main}

[previous exception] [object] (ErrorException(code: 0): Attempt to read property \"role_id\" on null at C:\\wamp64\\www\\salexo\\storage\\framework\\views\\0f8a58091628bc7c1be47d25a263e9d961e2c363.php:6)
[stacktrace]
#0 C:\\wamp64\\www\\salexo\\vendor\\laravel\\framework\\src\\Illuminate\\Foundation\\Bootstrap\\HandleExceptions.php(270): Illuminate\\Foundation\\Bootstrap\\HandleExceptions->handleError(2, 'Attempt to read...', 'C:\\\\wamp64\\\\www\\\\s...', 6)
#1 C:\\wamp64\\www\\salexo\\storage\\framework\\views\\0f8a58091628bc7c1be47d25a263e9d961e2c363.php(6): Illuminate\\Foundation\\Bootstrap\\HandleExceptions->Illuminate\\Foundation\\Bootstrap\\{closure}(2, 'Attempt to read...', 'C:\\\\wamp64\\\\www\\\\s...', 6)
#2 C:\\wamp64\\www\\salexo\\vendor\\laravel\\framework\\src\\Illuminate\\Filesystem\\Filesystem.php(109): require('C:\\\\wamp64\\\\www\\\\s...')
#3 C:\\wamp64\\www\\salexo\\vendor\\laravel\\framework\\src\\Illuminate\\Filesystem\\Filesystem.php(110): Illuminate\\Filesystem\\Filesystem::Illuminate\\Filesystem\\{closure}()
#4 C:\\wamp64\\www\\salexo\\vendor\\laravel\\framework\\src\\Illuminate\\View\\Engines\\PhpEngine.php(58): Illuminate\\Filesystem\\Filesystem->getRequire('C:\\\\wamp64\\\\www\\\\s...', Array)
#5 C:\\wamp64\\www\\salexo\\vendor\\laravel\\framework\\src\\Illuminate\\View\\Engines\\CompilerEngine.php(70): Illuminate\\View\\Engines\\PhpEngine->evaluatePath('C:\\\\wamp64\\\\www\\\\s...', Array)
#6 C:\\wamp64\\www\\salexo\\vendor\\laravel\\framework\\src\\Illuminate\\View\\View.php(195): Illuminate\\View\\Engines\\CompilerEngine->get('C:\\\\wamp64\\\\www\\\\s...', Array)
#7 C:\\wamp64\\www\\salexo\\vendor\\laravel\\framework\\src\\Illuminate\\View\\View.php(178): Illuminate\\View\\View->getContents()
#8 C:\\wamp64\\www\\salexo\\vendor\\laravel\\framework\\src\\Illuminate\\View\\View.php(147): Illuminate\\View\\View->renderContents()
#9 C:\\wamp64\\www\\salexo\\storage\\framework\\views\\94c52315f5c980478299dc969a2fb6661a1b25ad.php(14): Illuminate\\View\\View->render()
#10 C:\\wamp64\\www\\salexo\\vendor\\laravel\\framework\\src\\Illuminate\\Filesystem\\Filesystem.php(109): require('C:\\\\wamp64\\\\www\\\\s...')
#11 C:\\wamp64\\www\\salexo\\vendor\\laravel\\framework\\src\\Illuminate\\Filesystem\\Filesystem.php(110): Illuminate\\Filesystem\\Filesystem::Illuminate\\Filesystem\\{closure}()
#12 C:\\wamp64\\www\\salexo\\vendor\\laravel\\framework\\src\\Illuminate\\View\\Engines\\PhpEngine.php(58): Illuminate\\Filesystem\\Filesystem->getRequire('C:\\\\wamp64\\\\www\\\\s...', Array)
#13 C:\\wamp64\\www\\salexo\\vendor\\laravel\\framework\\src\\Illuminate\\View\\Engines\\CompilerEngine.php(70): Illuminate\\View\\Engines\\PhpEngine->evaluatePath('C:\\\\wamp64\\\\www\\\\s...', Array)
#14 C:\\wamp64\\www\\salexo\\vendor\\laravel\\framework\\src\\Illuminate\\View\\View.php(195): Illuminate\\View\\Engines\\CompilerEngine->get('C:\\\\wamp64\\\\www\\\\s...', Array)
#15 C:\\wamp64\\www\\salexo\\vendor\\laravel\\framework\\src\\Illuminate\\View\\View.php(178): Illuminate\\View\\View->getContents()
#16 C:\\wamp64\\www\\salexo\\vendor\\laravel\\framework\\src\\Illuminate\\View\\View.php(147): Illuminate\\View\\View->renderContents()
#17 C:\\wamp64\\www\\salexo\\storage\\framework\\views\\afb1d6dbd00439ca36368f891f07a032a8edbfde.php(20): Illuminate\\View\\View->render()
#18 C:\\wamp64\\www\\salexo\\vendor\\laravel\\framework\\src\\Illuminate\\Filesystem\\Filesystem.php(109): require('C:\\\\wamp64\\\\www\\\\s...')
#19 C:\\wamp64\\www\\salexo\\vendor\\laravel\\framework\\src\\Illuminate\\Filesystem\\Filesystem.php(110): Illuminate\\Filesystem\\Filesystem::Illuminate\\Filesystem\\{closure}()
#20 C:\\wamp64\\www\\salexo\\vendor\\laravel\\framework\\src\\Illuminate\\View\\Engines\\PhpEngine.php(58): Illuminate\\Filesystem\\Filesystem->getRequire('C:\\\\wamp64\\\\www\\\\s...', Array)
#21 C:\\wamp64\\www\\salexo\\vendor\\laravel\\framework\\src\\Illuminate\\View\\Engines\\CompilerEngine.php(70): Illuminate\\View\\Engines\\PhpEngine->evaluatePath('C:\\\\wamp64\\\\www\\\\s...', Array)
#22 C:\\wamp64\\www\\salexo\\vendor\\laravel\\framework\\src\\Illuminate\\View\\View.php(195): Illuminate\\View\\Engines\\CompilerEngine->get('C:\\\\wamp64\\\\www\\\\s...', Array)
#23 C:\\wamp64\\www\\salexo\\vendor\\laravel\\framework\\src\\Illuminate\\View\\View.php(178): Illuminate\\View\\View->getContents()
#24 C:\\wamp64\\www\\salexo\\vendor\\laravel\\framework\\src\\Illuminate\\View\\View.php(147): Illuminate\\View\\View->renderContents()
#25 C:\\wamp64\\www\\salexo\\vendor\\laravel\\framework\\src\\Illuminate\\Http\\Response.php(69): Illuminate\\View\\View->render()
#26 C:\\wamp64\\www\\salexo\\vendor\\laravel\\framework\\src\\Illuminate\\Http\\Response.php(35): Illuminate\\Http\\Response->setContent(Object(Illuminate\\View\\View))
#27 C:\\wamp64\\www\\salexo\\vendor\\laravel\\framework\\src\\Illuminate\\Routing\\Router.php(906): Illuminate\\Http\\Response->__construct(Object(Illuminate\\View\\View), 200, Array)
#28 C:\\wamp64\\www\\salexo\\vendor\\laravel\\framework\\src\\Illuminate\\Routing\\Router.php(875): Illuminate\\Routing\\Router::toResponse(Object(Illuminate\\Http\\Request), Object(Illuminate\\View\\View))
#29 C:\\wamp64\\www\\salexo\\vendor\\laravel\\framework\\src\\Illuminate\\Routing\\Router.php(797): Illuminate\\Routing\\Router->prepareResponse(Object(Illuminate\\Http\\Request), Object(Illuminate\\View\\View))
#30 C:\\wamp64\\www\\salexo\\vendor\\laravel\\framework\\src\\Illuminate\\Pipeline\\Pipeline.php(141): Illuminate\\Routing\\Router->Illuminate\\Routing\\{closure}(Object(Illuminate\\Http\\Request))
#31 C:\\wamp64\\www\\salexo\\vendor\\laravel\\framework\\src\\Illuminate\\Routing\\Middleware\\SubstituteBindings.php(50): Illuminate\\Pipeline\\Pipeline->Illuminate\\Pipeline\\{closure}(Object(Illuminate\\Http\\Request))
#32 C:\\wamp64\\www\\salexo\\vendor\\laravel\\framework\\src\\Illuminate\\Pipeline\\Pipeline.php(180): Illuminate\\Routing\\Middleware\\SubstituteBindings->handle(Object(Illuminate\\Http\\Request), Object(Closure))
#33 C:\\wamp64\\www\\salexo\\vendor\\laravel\\framework\\src\\Illuminate\\Foundation\\Http\\Middleware\\VerifyCsrfToken.php(78): Illuminate\\Pipeline\\Pipeline->Illuminate\\Pipeline\\{closure}(Object(Illuminate\\Http\\Request))
#34 C:\\wamp64\\www\\salexo\\vendor\\laravel\\framework\\src\\Illuminate\\Pipeline\\Pipeline.php(180): Illuminate\\Foundation\\Http\\Middleware\\VerifyCsrfToken->handle(Object(Illuminate\\Http\\Request), Object(Closure))
#35 C:\\wamp64\\www\\salexo\\vendor\\laravel\\framework\\src\\Illuminate\\View\\Middleware\\ShareErrorsFromSession.php(49): Illuminate\\Pipeline\\Pipeline->Illuminate\\Pipeline\\{closure}(Object(Illuminate\\Http\\Request))
#36 C:\\wamp64\\www\\salexo\\vendor\\laravel\\framework\\src\\Illuminate\\Pipeline\\Pipeline.php(180): Illuminate\\View\\Middleware\\ShareErrorsFromSession->handle(Object(Illuminate\\Http\\Request), Object(Closure))
#37 C:\\wamp64\\www\\salexo\\vendor\\laravel\\framework\\src\\Illuminate\\Session\\Middleware\\StartSession.php(121): Illuminate\\Pipeline\\Pipeline->Illuminate\\Pipeline\\{closure}(Object(Illuminate\\Http\\Request))
#38 C:\\wamp64\\www\\salexo\\vendor\\laravel\\framework\\src\\Illuminate\\Session\\Middleware\\StartSession.php(64): Illuminate\\Session\\Middleware\\StartSession->handleStatefulRequest(Object(Illuminate\\Http\\Request), Object(Illuminate\\Session\\Store), Object(Closure))
#39 C:\\wamp64\\www\\salexo\\vendor\\laravel\\framework\\src\\Illuminate\\Pipeline\\Pipeline.php(180): Illuminate\\Session\\Middleware\\StartSession->handle(Object(Illuminate\\Http\\Request), Object(Closure))
#40 C:\\wamp64\\www\\salexo\\vendor\\laravel\\framework\\src\\Illuminate\\Cookie\\Middleware\\AddQueuedCookiesToResponse.php(37): Illuminate\\Pipeline\\Pipeline->Illuminate\\Pipeline\\{closure}(Object(Illuminate\\Http\\Request))
#41 C:\\wamp64\\www\\salexo\\vendor\\laravel\\framework\\src\\Illuminate\\Pipeline\\Pipeline.php(180): Illuminate\\Cookie\\Middleware\\AddQueuedCookiesToResponse->handle(Object(Illuminate\\Http\\Request), Object(Closure))
#42 C:\\wamp64\\www\\salexo\\vendor\\laravel\\framework\\src\\Illuminate\\Cookie\\Middleware\\EncryptCookies.php(67): Illuminate\\Pipeline\\Pipeline->Illuminate\\Pipeline\\{closure}(Object(Illuminate\\Http\\Request))
#43 C:\\wamp64\\www\\salexo\\vendor\\laravel\\framework\\src\\Illuminate\\Pipeline\\Pipeline.php(180): Illuminate\\Cookie\\Middleware\\EncryptCookies->handle(Object(Illuminate\\Http\\Request), Object(Closure))
#44 C:\\wamp64\\www\\salexo\\vendor\\laravel\\framework\\src\\Illuminate\\Pipeline\\Pipeline.php(116): Illuminate\\Pipeline\\Pipeline->Illuminate\\Pipeline\\{closure}(Object(Illuminate\\Http\\Request))
#45 C:\\wamp64\\www\\salexo\\vendor\\laravel\\framework\\src\\Illuminate\\Routing\\Router.php(797): Illuminate\\Pipeline\\Pipeline->then(Object(Closure))
#46 C:\\wamp64\\www\\salexo\\vendor\\laravel\\framework\\src\\Illuminate\\Routing\\Router.php(776): Illuminate\\Routing\\Router->runRouteWithinStack(Object(Illuminate\\Routing\\Route), Object(Illuminate\\Http\\Request))
#47 C:\\wamp64\\www\\salexo\\vendor\\laravel\\framework\\src\\Illuminate\\Routing\\Router.php(740): Illuminate\\Routing\\Router->runRoute(Object(Illuminate\\Http\\Request), Object(Illuminate\\Routing\\Route))
#48 C:\\wamp64\\www\\salexo\\vendor\\laravel\\framework\\src\\Illuminate\\Routing\\Router.php(729): Illuminate\\Routing\\Router->dispatchToRoute(Object(Illuminate\\Http\\Request))
#49 C:\\wamp64\\www\\salexo\\vendor\\laravel\\framework\\src\\Illuminate\\Foundation\\Http\\Kernel.php(190): Illuminate\\Routing\\Router->dispatch(Object(Illuminate\\Http\\Request))
#50 C:\\wamp64\\www\\salexo\\vendor\\laravel\\framework\\src\\Illuminate\\Pipeline\\Pipeline.php(141): Illuminate\\Foundation\\Http\\Kernel->Illuminate\\Foundation\\Http\\{closure}(Object(Illuminate\\Http\\Request))
#51 C:\\wamp64\\www\\salexo\\vendor\\laravel\\framework\\src\\Illuminate\\Foundation\\Http\\Middleware\\TransformsRequest.php(21): Illuminate\\Pipeline\\Pipeline->Illuminate\\Pipeline\\{closure}(Object(Illuminate\\Http\\Request))
#52 C:\\wamp64\\www\\salexo\\vendor\\laravel\\framework\\src\\Illuminate\\Foundation\\Http\\Middleware\\ConvertEmptyStringsToNull.php(31): Illuminate\\Foundation\\Http\\Middleware\\TransformsRequest->handle(Object(Illuminate\\Http\\Request), Object(Closure))
#53 C:\\wamp64\\www\\salexo\\vendor\\laravel\\framework\\src\\Illuminate\\Pipeline\\Pipeline.php(180): Illuminate\\Foundation\\Http\\Middleware\\ConvertEmptyStringsToNull->handle(Object(Illuminate\\Http\\Request), Object(Closure))
#54 C:\\wamp64\\www\\salexo\\vendor\\laravel\\framework\\src\\Illuminate\\Foundation\\Http\\Middleware\\TransformsRequest.php(21): Illuminate\\Pipeline\\Pipeline->Illuminate\\Pipeline\\{closure}(Object(Illuminate\\Http\\Request))
#55 C:\\wamp64\\www\\salexo\\vendor\\laravel\\framework\\src\\Illuminate\\Foundation\\Http\\Middleware\\TrimStrings.php(40): Illuminate\\Foundation\\Http\\Middleware\\TransformsRequest->handle(Object(Illuminate\\Http\\Request), Object(Closure))
#56 C:\\wamp64\\www\\salexo\\vendor\\laravel\\framework\\src\\Illuminate\\Pipeline\\Pipeline.php(180): Illuminate\\Foundation\\Http\\Middleware\\TrimStrings->handle(Object(Illuminate\\Http\\Request), Object(Closure))
#57 C:\\wamp64\\www\\salexo\\vendor\\laravel\\framework\\src\\Illuminate\\Foundation\\Http\\Middleware\\ValidatePostSize.php(27): Illuminate\\Pipeline\\Pipeline->Illuminate\\Pipeline\\{closure}(Object(Illuminate\\Http\\Request))
#58 C:\\wamp64\\www\\salexo\\vendor\\laravel\\framework\\src\\Illuminate\\Pipeline\\Pipeline.php(180): Illuminate\\Foundation\\Http\\Middleware\\ValidatePostSize->handle(Object(Illuminate\\Http\\Request), Object(Closure))
#59 C:\\wamp64\\www\\salexo\\vendor\\laravel\\framework\\src\\Illuminate\\Foundation\\Http\\Middleware\\PreventRequestsDuringMaintenance.php(86): Illuminate\\Pipeline\\Pipeline->Illuminate\\Pipeline\\{closure}(Object(Illuminate\\Http\\Request))
#60 C:\\wamp64\\www\\salexo\\vendor\\laravel\\framework\\src\\Illuminate\\Pipeline\\Pipeline.php(180): Illuminate\\Foundation\\Http\\Middleware\\PreventRequestsDuringMaintenance->handle(Object(Illuminate\\Http\\Request), Object(Closure))
#61 C:\\wamp64\\www\\salexo\\vendor\\fruitcake\\laravel-cors\\src\\HandleCors.php(38): Illuminate\\Pipeline\\Pipeline->Illuminate\\Pipeline\\{closure}(Object(Illuminate\\Http\\Request))
#62 C:\\wamp64\\www\\salexo\\vendor\\laravel\\framework\\src\\Illuminate\\Pipeline\\Pipeline.php(180): Fruitcake\\Cors\\HandleCors->handle(Object(Illuminate\\Http\\Request), Object(Closure))
#63 C:\\wamp64\\www\\salexo\\vendor\\laravel\\framework\\src\\Illuminate\\Http\\Middleware\\TrustProxies.php(39): Illuminate\\Pipeline\\Pipeline->Illuminate\\Pipeline\\{closure}(Object(Illuminate\\Http\\Request))
#64 C:\\wamp64\\www\\salexo\\vendor\\laravel\\framework\\src\\Illuminate\\Pipeline\\Pipeline.php(180): Illuminate\\Http\\Middleware\\TrustProxies->handle(Object(Illuminate\\Http\\Request), Object(Closure))
#65 C:\\wamp64\\www\\salexo\\vendor\\laravel\\framework\\src\\Illuminate\\Pipeline\\Pipeline.php(116): Illuminate\\Pipeline\\Pipeline->Illuminate\\Pipeline\\{closure}(Object(Illuminate\\Http\\Request))
#66 C:\\wamp64\\www\\salexo\\vendor\\laravel\\framework\\src\\Illuminate\\Foundation\\Http\\Kernel.php(165): Illuminate\\Pipeline\\Pipeline->then(Object(Closure))
#67 C:\\wamp64\\www\\salexo\\vendor\\laravel\\framework\\src\\Illuminate\\Foundation\\Http\\Kernel.php(134): Illuminate\\Foundation\\Http\\Kernel->sendRequestThroughRouter(Object(Illuminate\\Http\\Request))
#68 C:\\wamp64\\www\\salexo\\public\\index.php(108): Illuminate\\Foundation\\Http\\Kernel->handle(Object(Illuminate\\Http\\Request))
#69 C:\\wamp64\\www\\salexo\\server.php(21): require_once('C:\\\\wamp64\\\\www\\\\s...')
#70 {main}
"} 
[2026-02-09 14:12:14] local.INFO: Employer Followup Cron Executed  
[2026-02-09 14:33:40] local.INFO: Employer Followup Cron Executed  
[2026-02-09 14:33:40] local.ERROR: Undefined variable $lead {"exception":"[object] (ErrorException(code: 0): Undefined variable $lead at C:\\wamp64\\www\\salexo\\app\\Console\\Commands\\AdminFollowupsCron.php:57)
[stacktrace]
#0 C:\\wamp64\\www\\salexo\\vendor\\laravel\\framework\\src\\Illuminate\\Foundation\\Bootstrap\\HandleExceptions.php(270): Illuminate\\Foundation\\Bootstrap\\HandleExceptions->handleError(2, 'Undefined varia...', 'C:\\\\wamp64\\\\www\\\\s...', 57)
#1 C:\\wamp64\\www\\salexo\\app\\Console\\Commands\\AdminFollowupsCron.php(57): Illuminate\\Foundation\\Bootstrap\\HandleExceptions->Illuminate\\Foundation\\Bootstrap\\{closure}(2, 'Undefined varia...', 'C:\\\\wamp64\\\\www\\\\s...', 57)
#2 C:\\wamp64\\www\\salexo\\vendor\\laravel\\framework\\src\\Illuminate\\Container\\BoundMethod.php(36): App\\Console\\Commands\\AdminFollowupsCron->handle()
#3 C:\\wamp64\\www\\salexo\\vendor\\laravel\\framework\\src\\Illuminate\\Container\\Util.php(41): Illuminate\\Container\\BoundMethod::Illuminate\\Container\\{closure}()
#4 C:\\wamp64\\www\\salexo\\vendor\\laravel\\framework\\src\\Illuminate\\Container\\BoundMethod.php(93): Illuminate\\Container\\Util::unwrapIfClosure(Object(Closure))
#5 C:\\wamp64\\www\\salexo\\vendor\\laravel\\framework\\src\\Illuminate\\Container\\BoundMethod.php(35): Illuminate\\Container\\BoundMethod::callBoundMethod(Object(Illuminate\\Foundation\\Application), Array, Object(Closure))
#6 C:\\wamp64\\www\\salexo\\vendor\\laravel\\framework\\src\\Illuminate\\Container\\Container.php(661): Illuminate\\Container\\BoundMethod::call(Object(Illuminate\\Foundation\\Application), Array, Array, NULL)
#7 C:\\wamp64\\www\\salexo\\vendor\\laravel\\framework\\src\\Illuminate\\Console\\Command.php(183): Illuminate\\Container\\Container->call(Array)
#8 C:\\wamp64\\www\\salexo\\vendor\\symfony\\console\\Command\\Command.php(326): Illuminate\\Console\\Command->execute(Object(Symfony\\Component\\Console\\Input\\ArgvInput), Object(Illuminate\\Console\\OutputStyle))
#9 C:\\wamp64\\www\\salexo\\vendor\\laravel\\framework\\src\\Illuminate\\Console\\Command.php(152): Symfony\\Component\\Console\\Command\\Command->run(Object(Symfony\\Component\\Console\\Input\\ArgvInput), Object(Illuminate\\Console\\OutputStyle))
#10 C:\\wamp64\\www\\salexo\\vendor\\symfony\\console\\Application.php(1063): Illuminate\\Console\\Command->run(Object(Symfony\\Component\\Console\\Input\\ArgvInput), Object(Symfony\\Component\\Console\\Output\\ConsoleOutput))
#11 C:\\wamp64\\www\\salexo\\vendor\\symfony\\console\\Application.php(320): Symfony\\Component\\Console\\Application->doRunCommand(Object(App\\Console\\Commands\\AdminFollowupsCron), Object(Symfony\\Component\\Console\\Input\\ArgvInput), Object(Symfony\\Component\\Console\\Output\\ConsoleOutput))
#12 C:\\wamp64\\www\\salexo\\vendor\\symfony\\console\\Application.php(174): Symfony\\Component\\Console\\Application->doRun(Object(Symfony\\Component\\Console\\Input\\ArgvInput), Object(Symfony\\Component\\Console\\Output\\ConsoleOutput))
#13 C:\\wamp64\\www\\salexo\\vendor\\laravel\\framework\\src\\Illuminate\\Console\\Application.php(102): Symfony\\Component\\Console\\Application->run(Object(Symfony\\Component\\Console\\Input\\ArgvInput), Object(Symfony\\Component\\Console\\Output\\ConsoleOutput))
#14 C:\\wamp64\\www\\salexo\\vendor\\laravel\\framework\\src\\Illuminate\\Foundation\\Console\\Kernel.php(155): Illuminate\\Console\\Application->run(Object(Symfony\\Component\\Console\\Input\\ArgvInput), Object(Symfony\\Component\\Console\\Output\\ConsoleOutput))
#15 C:\\wamp64\\www\\salexo\\artisan(35): Illuminate\\Foundation\\Console\\Kernel->handle(Object(Symfony\\Component\\Console\\Input\\ArgvInput), Object(Symfony\\Component\\Console\\Output\\ConsoleOutput))
#16 {main}
"} 
[2026-02-09 15:05:23] local.INFO: Employer Followup Cron Executed  
[2026-02-09 15:08:45] local.INFO: Employer Followup Cron Executed  
[2026-02-09 15:10:29] local.INFO: Employer Followup Cron Executed  
[2026-02-09 15:11:12] local.INFO: Employer Followup Cron Executed  
[2026-02-09 15:18:02] local.INFO: Employer Followup Cron Executed  
[2026-02-09 15:19:40] local.INFO: Employer Followup Cron Executed  
[2026-02-09 15:19:41] local.ERROR: WhatsApp Sending Failed: cURL error 60: SSL certificate problem: unable to get local issuer certificate (see https://curl.haxx.se/libcurl/c/libcurl-errors.html) for https://graph.facebook.com/v19.0/658603253999245/messages  
[2026-02-09 15:19:42] local.ERROR: WhatsApp Sending Failed: cURL error 60: SSL certificate problem: unable to get local issuer certificate (see https://curl.haxx.se/libcurl/c/libcurl-errors.html) for https://graph.facebook.com/v19.0/658603253999245/messages  
[2026-02-09 15:19:42] local.ERROR: WhatsApp Sending Failed: cURL error 60: SSL certificate problem: unable to get local issuer certificate (see https://curl.haxx.se/libcurl/c/libcurl-errors.html) for https://graph.facebook.com/v19.0/658603253999245/messages  
[2026-02-09 15:19:42] local.ERROR: WhatsApp Sending Failed: cURL error 60: SSL certificate problem: unable to get local issuer certificate (see https://curl.haxx.se/libcurl/c/libcurl-errors.html) for https://graph.facebook.com/v19.0/658603253999245/messages  
[2026-02-09 15:19:42] local.ERROR: WhatsApp Sending Failed: cURL error 60: SSL certificate problem: unable to get local issuer certificate (see https://curl.haxx.se/libcurl/c/libcurl-errors.html) for https://graph.facebook.com/v19.0/658603253999245/messages  
[2026-02-09 15:19:42] local.ERROR: WhatsApp Sending Failed: cURL error 60: SSL certificate problem: unable to get local issuer certificate (see https://curl.haxx.se/libcurl/c/libcurl-errors.html) for https://graph.facebook.com/v19.0/658603253999245/messages  
[2026-02-09 15:19:42] local.ERROR: WhatsApp Sending Failed: cURL error 60: SSL certificate problem: unable to get local issuer certificate (see https://curl.haxx.se/libcurl/c/libcurl-errors.html) for https://graph.facebook.com/v19.0/658603253999245/messages  
[2026-02-09 15:19:42] local.ERROR: WhatsApp Sending Failed: cURL error 60: SSL certificate problem: unable to get local issuer certificate (see https://curl.haxx.se/libcurl/c/libcurl-errors.html) for https://graph.facebook.com/v19.0/658603253999245/messages  
[2026-02-09 15:19:42] local.ERROR: WhatsApp Sending Failed: cURL error 60: SSL certificate problem: unable to get local issuer certificate (see https://curl.haxx.se/libcurl/c/libcurl-errors.html) for https://graph.facebook.com/v19.0/658603253999245/messages  
[2026-02-09 15:19:42] local.ERROR: WhatsApp Sending Failed: cURL error 60: SSL certificate problem: unable to get local issuer certificate (see https://curl.haxx.se/libcurl/c/libcurl-errors.html) for https://graph.facebook.com/v19.0/658603253999245/messages  
[2026-02-09 15:19:42] local.ERROR: WhatsApp Sending Failed: cURL error 60: SSL certificate problem: unable to get local issuer certificate (see https://curl.haxx.se/libcurl/c/libcurl-errors.html) for https://graph.facebook.com/v19.0/658603253999245/messages  
[2026-02-09 15:19:42] local.ERROR: WhatsApp Sending Failed: cURL error 60: SSL certificate problem: unable to get local issuer certificate (see https://curl.haxx.se/libcurl/c/libcurl-errors.html) for https://graph.facebook.com/v19.0/658603253999245/messages  
[2026-02-09 15:19:42] local.ERROR: WhatsApp Sending Failed: cURL error 60: SSL certificate problem: unable to get local issuer certificate (see https://curl.haxx.se/libcurl/c/libcurl-errors.html) for https://graph.facebook.com/v19.0/658603253999245/messages  
[2026-02-09 15:19:43] local.ERROR: WhatsApp Sending Failed: cURL error 60: SSL certificate problem: unable to get local issuer certificate (see https://curl.haxx.se/libcurl/c/libcurl-errors.html) for https://graph.facebook.com/v19.0/658603253999245/messages  
[2026-02-09 15:19:43] local.ERROR: WhatsApp Sending Failed: cURL error 60: SSL certificate problem: unable to get local issuer certificate (see https://curl.haxx.se/libcurl/c/libcurl-errors.html) for https://graph.facebook.com/v19.0/658603253999245/messages  
[2026-02-09 15:19:43] local.ERROR: WhatsApp Sending Failed: cURL error 60: SSL certificate problem: unable to get local issuer certificate (see https://curl.haxx.se/libcurl/c/libcurl-errors.html) for https://graph.facebook.com/v19.0/658603253999245/messages  
[2026-02-09 15:19:43] local.ERROR: WhatsApp Sending Failed: cURL error 60: SSL certificate problem: unable to get local issuer certificate (see https://curl.haxx.se/libcurl/c/libcurl-errors.html) for https://graph.facebook.com/v19.0/658603253999245/messages  
[2026-02-09 15:19:43] local.ERROR: WhatsApp Sending Failed: cURL error 60: SSL certificate problem: unable to get local issuer certificate (see https://curl.haxx.se/libcurl/c/libcurl-errors.html) for https://graph.facebook.com/v19.0/658603253999245/messages  
[2026-02-09 15:19:43] local.ERROR: WhatsApp Sending Failed: cURL error 60: SSL certificate problem: unable to get local issuer certificate (see https://curl.haxx.se/libcurl/c/libcurl-errors.html) for https://graph.facebook.com/v19.0/658603253999245/messages  
[2026-02-09 15:19:43] local.ERROR: WhatsApp Sending Failed: cURL error 60: SSL certificate problem: unable to get local issuer certificate (see https://curl.haxx.se/libcurl/c/libcurl-errors.html) for https://graph.facebook.com/v19.0/658603253999245/messages  
[2026-02-09 15:19:43] local.ERROR: WhatsApp Sending Failed: cURL error 60: SSL certificate problem: unable to get local issuer certificate (see https://curl.haxx.se/libcurl/c/libcurl-errors.html) for https://graph.facebook.com/v19.0/658603253999245/messages  
[2026-02-09 15:19:43] local.ERROR: WhatsApp Sending Failed: cURL error 60: SSL certificate problem: unable to get local issuer certificate (see https://curl.haxx.se/libcurl/c/libcurl-errors.html) for https://graph.facebook.com/v19.0/658603253999245/messages  
[2026-02-09 15:19:43] local.ERROR: WhatsApp Sending Failed: cURL error 60: SSL certificate problem: unable to get local issuer certificate (see https://curl.haxx.se/libcurl/c/libcurl-errors.html) for https://graph.facebook.com/v19.0/658603253999245/messages  
[2026-02-09 15:19:43] local.ERROR: WhatsApp Sending Failed: cURL error 60: SSL certificate problem: unable to get local issuer certificate (see https://curl.haxx.se/libcurl/c/libcurl-errors.html) for https://graph.facebook.com/v19.0/658603253999245/messages  
[2026-02-09 15:19:44] local.ERROR: WhatsApp Sending Failed: cURL error 60: SSL certificate problem: unable to get local issuer certificate (see https://curl.haxx.se/libcurl/c/libcurl-errors.html) for https://graph.facebook.com/v19.0/658603253999245/messages  
[2026-02-09 15:19:44] local.ERROR: WhatsApp Sending Failed: cURL error 60: SSL certificate problem: unable to get local issuer certificate (see https://curl.haxx.se/libcurl/c/libcurl-errors.html) for https://graph.facebook.com/v19.0/658603253999245/messages  
[2026-02-09 15:19:44] local.ERROR: WhatsApp Sending Failed: cURL error 60: SSL certificate problem: unable to get local issuer certificate (see https://curl.haxx.se/libcurl/c/libcurl-errors.html) for https://graph.facebook.com/v19.0/658603253999245/messages  
[2026-02-09 15:19:44] local.ERROR: WhatsApp Sending Failed: cURL error 60: SSL certificate problem: unable to get local issuer certificate (see https://curl.haxx.se/libcurl/c/libcurl-errors.html) for https://graph.facebook.com/v19.0/658603253999245/messages  
[2026-02-09 15:19:44] local.ERROR: WhatsApp Sending Failed: cURL error 60: SSL certificate problem: unable to get local issuer certificate (see https://curl.haxx.se/libcurl/c/libcurl-errors.html) for https://graph.facebook.com/v19.0/658603253999245/messages  
[2026-02-09 15:19:44] local.ERROR: WhatsApp Sending Failed: cURL error 60: SSL certificate problem: unable to get local issuer certificate (see https://curl.haxx.se/libcurl/c/libcurl-errors.html) for https://graph.facebook.com/v19.0/658603253999245/messages  
[2026-02-09 15:19:44] local.ERROR: WhatsApp Sending Failed: cURL error 60: SSL certificate problem: unable to get local issuer certificate (see https://curl.haxx.se/libcurl/c/libcurl-errors.html) for https://graph.facebook.com/v19.0/658603253999245/messages  
[2026-02-09 15:19:44] local.INFO: Employer Followup Cron Completed  
[2026-02-09 15:20:09] local.INFO: Employer Followup Cron Executed  
[2026-02-09 15:21:01] local.INFO: Employer Followup Cron Executed  
[2026-02-09 15:21:11] local.INFO: Employer Followup Cron Executed  
[2026-02-09 15:21:29] local.INFO: Employer Followup Cron Executed  
[2026-02-09 15:21:45] local.INFO: Employer Followup Cron Executed  
[2026-02-09 15:24:24] local.INFO: Employer Followup Cron Executed  
[2026-02-09 15:24:25] local.ERROR: WhatsApp Sending Failed: cURL error 60: SSL certificate problem: unable to get local issuer certificate (see https://curl.haxx.se/libcurl/c/libcurl-errors.html) for https://graph.facebook.com/v19.0/658603253999245/messages  
[2026-02-09 15:24:25] local.ERROR: WhatsApp Sending Failed: cURL error 60: SSL certificate problem: unable to get local issuer certificate (see https://curl.haxx.se/libcurl/c/libcurl-errors.html) for https://graph.facebook.com/v19.0/658603253999245/messages  
[2026-02-09 15:24:25] local.ERROR: WhatsApp Sending Failed: cURL error 60: SSL certificate problem: unable to get local issuer certificate (see https://curl.haxx.se/libcurl/c/libcurl-errors.html) for https://graph.facebook.com/v19.0/658603253999245/messages  
[2026-02-09 15:24:25] local.ERROR: WhatsApp Sending Failed: cURL error 60: SSL certificate problem: unable to get local issuer certificate (see https://curl.haxx.se/libcurl/c/libcurl-errors.html) for https://graph.facebook.com/v19.0/658603253999245/messages  
[2026-02-09 15:24:25] local.ERROR: WhatsApp Sending Failed: cURL error 60: SSL certificate problem: unable to get local issuer certificate (see https://curl.haxx.se/libcurl/c/libcurl-errors.html) for https://graph.facebook.com/v19.0/658603253999245/messages  
[2026-02-09 15:24:25] local.ERROR: WhatsApp Sending Failed: cURL error 60: SSL certificate problem: unable to get local issuer certificate (see https://curl.haxx.se/libcurl/c/libcurl-errors.html) for https://graph.facebook.com/v19.0/658603253999245/messages  
[2026-02-09 15:24:25] local.ERROR: WhatsApp Sending Failed: cURL error 60: SSL certificate problem: unable to get local issuer certificate (see https://curl.haxx.se/libcurl/c/libcurl-errors.html) for https://graph.facebook.com/v19.0/658603253999245/messages  
[2026-02-09 15:24:25] local.ERROR: WhatsApp Sending Failed: cURL error 60: SSL certificate problem: unable to get local issuer certificate (see https://curl.haxx.se/libcurl/c/libcurl-errors.html) for https://graph.facebook.com/v19.0/658603253999245/messages  
[2026-02-09 15:24:25] local.ERROR: WhatsApp Sending Failed: cURL error 60: SSL certificate problem: unable to get local issuer certificate (see https://curl.haxx.se/libcurl/c/libcurl-errors.html) for https://graph.facebook.com/v19.0/658603253999245/messages  
[2026-02-09 15:24:26] local.ERROR: WhatsApp Sending Failed: cURL error 60: SSL certificate problem: unable to get local issuer certificate (see https://curl.haxx.se/libcurl/c/libcurl-errors.html) for https://graph.facebook.com/v19.0/658603253999245/messages  
[2026-02-09 15:24:26] local.ERROR: WhatsApp Sending Failed: cURL error 60: SSL certificate problem: unable to get local issuer certificate (see https://curl.haxx.se/libcurl/c/libcurl-errors.html) for https://graph.facebook.com/v19.0/658603253999245/messages  
[2026-02-09 15:24:26] local.ERROR: WhatsApp Sending Failed: cURL error 60: SSL certificate problem: unable to get local issuer certificate (see https://curl.haxx.se/libcurl/c/libcurl-errors.html) for https://graph.facebook.com/v19.0/658603253999245/messages  
[2026-02-09 15:24:26] local.ERROR: WhatsApp Sending Failed: cURL error 60: SSL certificate problem: unable to get local issuer certificate (see https://curl.haxx.se/libcurl/c/libcurl-errors.html) for https://graph.facebook.com/v19.0/658603253999245/messages  
[2026-02-09 15:24:26] local.ERROR: WhatsApp Sending Failed: cURL error 60: SSL certificate problem: unable to get local issuer certificate (see https://curl.haxx.se/libcurl/c/libcurl-errors.html) for https://graph.facebook.com/v19.0/658603253999245/messages  
[2026-02-09 15:24:26] local.ERROR: WhatsApp Sending Failed: cURL error 60: SSL certificate problem: unable to get local issuer certificate (see https://curl.haxx.se/libcurl/c/libcurl-errors.html) for https://graph.facebook.com/v19.0/658603253999245/messages  
[2026-02-09 15:24:26] local.ERROR: WhatsApp Sending Failed: cURL error 60: SSL certificate problem: unable to get local issuer certificate (see https://curl.haxx.se/libcurl/c/libcurl-errors.html) for https://graph.facebook.com/v19.0/658603253999245/messages  
[2026-02-09 15:24:26] local.ERROR: WhatsApp Sending Failed: cURL error 60: SSL certificate problem: unable to get local issuer certificate (see https://curl.haxx.se/libcurl/c/libcurl-errors.html) for https://graph.facebook.com/v19.0/658603253999245/messages  
[2026-02-09 15:24:26] local.ERROR: WhatsApp Sending Failed: cURL error 60: SSL certificate problem: unable to get local issuer certificate (see https://curl.haxx.se/libcurl/c/libcurl-errors.html) for https://graph.facebook.com/v19.0/658603253999245/messages  
[2026-02-09 15:24:26] local.ERROR: WhatsApp Sending Failed: cURL error 60: SSL certificate problem: unable to get local issuer certificate (see https://curl.haxx.se/libcurl/c/libcurl-errors.html) for https://graph.facebook.com/v19.0/658603253999245/messages  
[2026-02-09 15:24:27] local.ERROR: WhatsApp Sending Failed: cURL error 60: SSL certificate problem: unable to get local issuer certificate (see https://curl.haxx.se/libcurl/c/libcurl-errors.html) for https://graph.facebook.com/v19.0/658603253999245/messages  
[2026-02-09 15:24:27] local.ERROR: WhatsApp Sending Failed: cURL error 60: SSL certificate problem: unable to get local issuer certificate (see https://curl.haxx.se/libcurl/c/libcurl-errors.html) for https://graph.facebook.com/v19.0/658603253999245/messages  
[2026-02-09 15:24:27] local.ERROR: WhatsApp Sending Failed: cURL error 60: SSL certificate problem: unable to get local issuer certificate (see https://curl.haxx.se/libcurl/c/libcurl-errors.html) for https://graph.facebook.com/v19.0/658603253999245/messages  
[2026-02-09 15:24:27] local.ERROR: WhatsApp Sending Failed: cURL error 60: SSL certificate problem: unable to get local issuer certificate (see https://curl.haxx.se/libcurl/c/libcurl-errors.html) for https://graph.facebook.com/v19.0/658603253999245/messages  
[2026-02-09 15:24:27] local.ERROR: WhatsApp Sending Failed: cURL error 60: SSL certificate problem: unable to get local issuer certificate (see https://curl.haxx.se/libcurl/c/libcurl-errors.html) for https://graph.facebook.com/v19.0/658603253999245/messages  
[2026-02-09 15:24:27] local.ERROR: WhatsApp Sending Failed: cURL error 60: SSL certificate problem: unable to get local issuer certificate (see https://curl.haxx.se/libcurl/c/libcurl-errors.html) for https://graph.facebook.com/v19.0/658603253999245/messages  
[2026-02-09 15:24:27] local.ERROR: WhatsApp Sending Failed: cURL error 60: SSL certificate problem: unable to get local issuer certificate (see https://curl.haxx.se/libcurl/c/libcurl-errors.html) for https://graph.facebook.com/v19.0/658603253999245/messages  
[2026-02-09 15:25:14] local.INFO: Employer Followup Cron Executed  
[2026-02-09 15:25:28] local.INFO: Employer Followup Cron Executed  
[2026-02-09 15:31:11] local.INFO: Employer Followup Cron Executed  
[2026-02-09 15:31:11] local.ERROR: WhatsApp Sending Failed: cURL error 60: SSL certificate problem: unable to get local issuer certificate (see https://curl.haxx.se/libcurl/c/libcurl-errors.html) for https://graph.facebook.com/v19.0/658603253999245/messages  
[2026-02-09 15:31:12] local.ERROR: WhatsApp Sending Failed: cURL error 60: SSL certificate problem: unable to get local issuer certificate (see https://curl.haxx.se/libcurl/c/libcurl-errors.html) for https://graph.facebook.com/v19.0/658603253999245/messages  
[2026-02-09 15:31:12] local.ERROR: WhatsApp Sending Failed: cURL error 60: SSL certificate problem: unable to get local issuer certificate (see https://curl.haxx.se/libcurl/c/libcurl-errors.html) for https://graph.facebook.com/v19.0/658603253999245/messages  
[2026-02-09 15:31:12] local.ERROR: WhatsApp Sending Failed: cURL error 60: SSL certificate problem: unable to get local issuer certificate (see https://curl.haxx.se/libcurl/c/libcurl-errors.html) for https://graph.facebook.com/v19.0/658603253999245/messages  
[2026-02-09 15:31:12] local.ERROR: WhatsApp Sending Failed: cURL error 60: SSL certificate problem: unable to get local issuer certificate (see https://curl.haxx.se/libcurl/c/libcurl-errors.html) for https://graph.facebook.com/v19.0/658603253999245/messages  
[2026-02-09 15:31:13] local.ERROR: WhatsApp Sending Failed: cURL error 60: SSL certificate problem: unable to get local issuer certificate (see https://curl.haxx.se/libcurl/c/libcurl-errors.html) for https://graph.facebook.com/v19.0/658603253999245/messages  
[2026-02-09 15:31:13] local.ERROR: WhatsApp Sending Failed: cURL error 60: SSL certificate problem: unable to get local issuer certificate (see https://curl.haxx.se/libcurl/c/libcurl-errors.html) for https://graph.facebook.com/v19.0/658603253999245/messages  
[2026-02-09 15:31:13] local.ERROR: WhatsApp Sending Failed: cURL error 60: SSL certificate problem: unable to get local issuer certificate (see https://curl.haxx.se/libcurl/c/libcurl-errors.html) for https://graph.facebook.com/v19.0/658603253999245/messages  
[2026-02-09 15:31:13] local.ERROR: WhatsApp Sending Failed: cURL error 60: SSL certificate problem: unable to get local issuer certificate (see https://curl.haxx.se/libcurl/c/libcurl-errors.html) for https://graph.facebook.com/v19.0/658603253999245/messages  
[2026-02-09 15:31:14] local.ERROR: WhatsApp Sending Failed: cURL error 60: SSL certificate problem: unable to get local issuer certificate (see https://curl.haxx.se/libcurl/c/libcurl-errors.html) for https://graph.facebook.com/v19.0/658603253999245/messages  
[2026-02-09 15:31:14] local.ERROR: WhatsApp Sending Failed: cURL error 60: SSL certificate problem: unable to get local issuer certificate (see https://curl.haxx.se/libcurl/c/libcurl-errors.html) for https://graph.facebook.com/v19.0/658603253999245/messages  
[2026-02-09 15:31:14] local.ERROR: WhatsApp Sending Failed: cURL error 60: SSL certificate problem: unable to get local issuer certificate (see https://curl.haxx.se/libcurl/c/libcurl-errors.html) for https://graph.facebook.com/v19.0/658603253999245/messages  
[2026-02-09 15:31:15] local.ERROR: WhatsApp Sending Failed: cURL error 60: SSL certificate problem: unable to get local issuer certificate (see https://curl.haxx.se/libcurl/c/libcurl-errors.html) for https://graph.facebook.com/v19.0/658603253999245/messages  
[2026-02-09 15:31:15] local.ERROR: WhatsApp Sending Failed: cURL error 60: SSL certificate problem: unable to get local issuer certificate (see https://curl.haxx.se/libcurl/c/libcurl-errors.html) for https://graph.facebook.com/v19.0/658603253999245/messages  
[2026-02-09 15:31:15] local.ERROR: WhatsApp Sending Failed: cURL error 60: SSL certificate problem: unable to get local issuer certificate (see https://curl.haxx.se/libcurl/c/libcurl-errors.html) for https://graph.facebook.com/v19.0/658603253999245/messages  
[2026-02-09 15:31:16] local.ERROR: WhatsApp Sending Failed: cURL error 60: SSL certificate problem: unable to get local issuer certificate (see https://curl.haxx.se/libcurl/c/libcurl-errors.html) for https://graph.facebook.com/v19.0/658603253999245/messages  
[2026-02-09 15:31:16] local.ERROR: WhatsApp Sending Failed: cURL error 60: SSL certificate problem: unable to get local issuer certificate (see https://curl.haxx.se/libcurl/c/libcurl-errors.html) for https://graph.facebook.com/v19.0/658603253999245/messages  
[2026-02-09 15:31:17] local.ERROR: WhatsApp Sending Failed: cURL error 60: SSL certificate problem: unable to get local issuer certificate (see https://curl.haxx.se/libcurl/c/libcurl-errors.html) for https://graph.facebook.com/v19.0/658603253999245/messages  
[2026-02-09 15:31:17] local.ERROR: WhatsApp Sending Failed: cURL error 60: SSL certificate problem: unable to get local issuer certificate (see https://curl.haxx.se/libcurl/c/libcurl-errors.html) for https://graph.facebook.com/v19.0/658603253999245/messages  
[2026-02-09 15:31:17] local.ERROR: WhatsApp Sending Failed: cURL error 60: SSL certificate problem: unable to get local issuer certificate (see https://curl.haxx.se/libcurl/c/libcurl-errors.html) for https://graph.facebook.com/v19.0/658603253999245/messages  
[2026-02-09 15:31:17] local.ERROR: WhatsApp Sending Failed: cURL error 60: SSL certificate problem: unable to get local issuer certificate (see https://curl.haxx.se/libcurl/c/libcurl-errors.html) for https://graph.facebook.com/v19.0/658603253999245/messages  
[2026-02-09 15:31:17] local.ERROR: WhatsApp Sending Failed: cURL error 60: SSL certificate problem: unable to get local issuer certificate (see https://curl.haxx.se/libcurl/c/libcurl-errors.html) for https://graph.facebook.com/v19.0/658603253999245/messages  
[2026-02-09 15:31:18] local.ERROR: WhatsApp Sending Failed: cURL error 60: SSL certificate problem: unable to get local issuer certificate (see https://curl.haxx.se/libcurl/c/libcurl-errors.html) for https://graph.facebook.com/v19.0/658603253999245/messages  
[2026-02-09 15:31:18] local.ERROR: WhatsApp Sending Failed: cURL error 60: SSL certificate problem: unable to get local issuer certificate (see https://curl.haxx.se/libcurl/c/libcurl-errors.html) for https://graph.facebook.com/v19.0/658603253999245/messages  
[2026-02-09 15:31:18] local.ERROR: WhatsApp Sending Failed: cURL error 60: SSL certificate problem: unable to get local issuer certificate (see https://curl.haxx.se/libcurl/c/libcurl-errors.html) for https://graph.facebook.com/v19.0/658603253999245/messages  
[2026-02-09 15:31:19] local.ERROR: WhatsApp Sending Failed: cURL error 60: SSL certificate problem: unable to get local issuer certificate (see https://curl.haxx.se/libcurl/c/libcurl-errors.html) for https://graph.facebook.com/v19.0/658603253999245/messages  
[2026-02-09 15:31:20] local.ERROR: WhatsApp Sending Failed: cURL error 60: SSL certificate problem: unable to get local issuer certificate (see https://curl.haxx.se/libcurl/c/libcurl-errors.html) for https://graph.facebook.com/v19.0/658603253999245/messages  
[2026-02-09 15:31:20] local.ERROR: WhatsApp Sending Failed: cURL error 60: SSL certificate problem: unable to get local issuer certificate (see https://curl.haxx.se/libcurl/c/libcurl-errors.html) for https://graph.facebook.com/v19.0/658603253999245/messages  
[2026-02-09 15:31:20] local.ERROR: WhatsApp Sending Failed: cURL error 60: SSL certificate problem: unable to get local issuer certificate (see https://curl.haxx.se/libcurl/c/libcurl-errors.html) for https://graph.facebook.com/v19.0/658603253999245/messages  
[2026-02-09 15:31:21] local.ERROR: WhatsApp Sending Failed: cURL error 60: SSL certificate problem: unable to get local issuer certificate (see https://curl.haxx.se/libcurl/c/libcurl-errors.html) for https://graph.facebook.com/v19.0/658603253999245/messages  
[2026-02-09 15:31:21] local.ERROR: WhatsApp Sending Failed: cURL error 60: SSL certificate problem: unable to get local issuer certificate (see https://curl.haxx.se/libcurl/c/libcurl-errors.html) for https://graph.facebook.com/v19.0/658603253999245/messages  
[2026-02-09 15:31:21] local.INFO: Employer Followup Cron Completed  
[2026-02-09 15:31:31] local.INFO: Employer Followup Cron Executed  
[2026-02-09 15:31:40] local.INFO: Employer Followup Cron Executed  
[2026-02-09 15:36:47] local.INFO: Employer Followup Cron Executed  
[2026-02-09 15:36:48] local.ERROR: WhatsApp Sending Failed: cURL error 60: SSL certificate problem: unable to get local issuer certificate (see https://curl.haxx.se/libcurl/c/libcurl-errors.html) for https://graph.facebook.com/v19.0/658603253999245/messages  
[2026-02-09 15:36:48] local.ERROR: WhatsApp Sending Failed: cURL error 60: SSL certificate problem: unable to get local issuer certificate (see https://curl.haxx.se/libcurl/c/libcurl-errors.html) for https://graph.facebook.com/v19.0/658603253999245/messages  
[2026-02-09 15:36:49] local.ERROR: WhatsApp Sending Failed: cURL error 60: SSL certificate problem: unable to get local issuer certificate (see https://curl.haxx.se/libcurl/c/libcurl-errors.html) for https://graph.facebook.com/v19.0/658603253999245/messages  
[2026-02-09 15:36:49] local.ERROR: WhatsApp Sending Failed: cURL error 60: SSL certificate problem: unable to get local issuer certificate (see https://curl.haxx.se/libcurl/c/libcurl-errors.html) for https://graph.facebook.com/v19.0/658603253999245/messages  
[2026-02-09 15:36:49] local.ERROR: WhatsApp Sending Failed: cURL error 60: SSL certificate problem: unable to get local issuer certificate (see https://curl.haxx.se/libcurl/c/libcurl-errors.html) for https://graph.facebook.com/v19.0/658603253999245/messages  
[2026-02-09 15:36:49] local.ERROR: WhatsApp Sending Failed: cURL error 60: SSL certificate problem: unable to get local issuer certificate (see https://curl.haxx.se/libcurl/c/libcurl-errors.html) for https://graph.facebook.com/v19.0/658603253999245/messages  
[2026-02-09 15:36:49] local.ERROR: WhatsApp Sending Failed: cURL error 60: SSL certificate problem: unable to get local issuer certificate (see https://curl.haxx.se/libcurl/c/libcurl-errors.html) for https://graph.facebook.com/v19.0/658603253999245/messages  
[2026-02-09 15:36:50] local.ERROR: WhatsApp Sending Failed: cURL error 60: SSL certificate problem: unable to get local issuer certificate (see https://curl.haxx.se/libcurl/c/libcurl-errors.html) for https://graph.facebook.com/v19.0/658603253999245/messages  
[2026-02-09 15:36:50] local.ERROR: WhatsApp Sending Failed: cURL error 60: SSL certificate problem: unable to get local issuer certificate (see https://curl.haxx.se/libcurl/c/libcurl-errors.html) for https://graph.facebook.com/v19.0/658603253999245/messages  
[2026-02-09 15:36:51] local.ERROR: WhatsApp Sending Failed: cURL error 60: SSL certificate problem: unable to get local issuer certificate (see https://curl.haxx.se/libcurl/c/libcurl-errors.html) for https://graph.facebook.com/v19.0/658603253999245/messages  
[2026-02-09 15:36:51] local.ERROR: WhatsApp Sending Failed: cURL error 60: SSL certificate problem: unable to get local issuer certificate (see https://curl.haxx.se/libcurl/c/libcurl-errors.html) for https://graph.facebook.com/v19.0/658603253999245/messages  
[2026-02-09 15:36:52] local.ERROR: WhatsApp Sending Failed: cURL error 60: SSL certificate problem: unable to get local issuer certificate (see https://curl.haxx.se/libcurl/c/libcurl-errors.html) for https://graph.facebook.com/v19.0/658603253999245/messages  
[2026-02-09 15:36:52] local.ERROR: WhatsApp Sending Failed: cURL error 60: SSL certificate problem: unable to get local issuer certificate (see https://curl.haxx.se/libcurl/c/libcurl-errors.html) for https://graph.facebook.com/v19.0/658603253999245/messages  
[2026-02-09 15:36:52] local.ERROR: WhatsApp Sending Failed: cURL error 60: SSL certificate problem: unable to get local issuer certificate (see https://curl.haxx.se/libcurl/c/libcurl-errors.html) for https://graph.facebook.com/v19.0/658603253999245/messages  
[2026-02-09 15:36:52] local.ERROR: WhatsApp Sending Failed: cURL error 60: SSL certificate problem: unable to get local issuer certificate (see https://curl.haxx.se/libcurl/c/libcurl-errors.html) for https://graph.facebook.com/v19.0/658603253999245/messages  
[2026-02-09 15:36:53] local.ERROR: WhatsApp Sending Failed: cURL error 60: SSL certificate problem: unable to get local issuer certificate (see https://curl.haxx.se/libcurl/c/libcurl-errors.html) for https://graph.facebook.com/v19.0/658603253999245/messages  
[2026-02-09 15:36:53] local.ERROR: WhatsApp Sending Failed: cURL error 60: SSL certificate problem: unable to get local issuer certificate (see https://curl.haxx.se/libcurl/c/libcurl-errors.html) for https://graph.facebook.com/v19.0/658603253999245/messages  
[2026-02-09 15:36:53] local.ERROR: WhatsApp Sending Failed: cURL error 60: SSL certificate problem: unable to get local issuer certificate (see https://curl.haxx.se/libcurl/c/libcurl-errors.html) for https://graph.facebook.com/v19.0/658603253999245/messages  
[2026-02-09 15:36:54] local.ERROR: WhatsApp Sending Failed: cURL error 60: SSL certificate problem: unable to get local issuer certificate (see https://curl.haxx.se/libcurl/c/libcurl-errors.html) for https://graph.facebook.com/v19.0/658603253999245/messages  
[2026-02-09 15:36:54] local.ERROR: WhatsApp Sending Failed: cURL error 60: SSL certificate problem: unable to get local issuer certificate (see https://curl.haxx.se/libcurl/c/libcurl-errors.html) for https://graph.facebook.com/v19.0/658603253999245/messages  
[2026-02-09 15:36:55] local.ERROR: WhatsApp Sending Failed: cURL error 60: SSL certificate problem: unable to get local issuer certificate (see https://curl.haxx.se/libcurl/c/libcurl-errors.html) for https://graph.facebook.com/v19.0/658603253999245/messages  
[2026-02-09 15:36:55] local.ERROR: WhatsApp Sending Failed: cURL error 60: SSL certificate problem: unable to get local issuer certificate (see https://curl.haxx.se/libcurl/c/libcurl-errors.html) for https://graph.facebook.com/v19.0/658603253999245/messages  
[2026-02-09 15:36:55] local.ERROR: WhatsApp Sending Failed: cURL error 60: SSL certificate problem: unable to get local issuer certificate (see https://curl.haxx.se/libcurl/c/libcurl-errors.html) for https://graph.facebook.com/v19.0/658603253999245/messages  
[2026-02-09 15:36:55] local.ERROR: WhatsApp Sending Failed: cURL error 60: SSL certificate problem: unable to get local issuer certificate (see https://curl.haxx.se/libcurl/c/libcurl-errors.html) for https://graph.facebook.com/v19.0/658603253999245/messages  
[2026-02-09 15:36:55] local.ERROR: WhatsApp Sending Failed: cURL error 60: SSL certificate problem: unable to get local issuer certificate (see https://curl.haxx.se/libcurl/c/libcurl-errors.html) for https://graph.facebook.com/v19.0/658603253999245/messages  
[2026-02-09 15:36:56] local.ERROR: WhatsApp Sending Failed: cURL error 60: SSL certificate problem: unable to get local issuer certificate (see https://curl.haxx.se/libcurl/c/libcurl-errors.html) for https://graph.facebook.com/v19.0/658603253999245/messages  
[2026-02-09 15:36:56] local.ERROR: WhatsApp Sending Failed: cURL error 60: SSL certificate problem: unable to get local issuer certificate (see https://curl.haxx.se/libcurl/c/libcurl-errors.html) for https://graph.facebook.com/v19.0/658603253999245/messages  
[2026-02-09 15:36:56] local.ERROR: WhatsApp Sending Failed: cURL error 60: SSL certificate problem: unable to get local issuer certificate (see https://curl.haxx.se/libcurl/c/libcurl-errors.html) for https://graph.facebook.com/v19.0/658603253999245/messages  
[2026-02-09 15:36:56] local.ERROR: WhatsApp Sending Failed: cURL error 60: SSL certificate problem: unable to get local issuer certificate (see https://curl.haxx.se/libcurl/c/libcurl-errors.html) for https://graph.facebook.com/v19.0/658603253999245/messages  
[2026-02-09 15:36:57] local.ERROR: WhatsApp Sending Failed: cURL error 60: SSL certificate problem: unable to get local issuer certificate (see https://curl.haxx.se/libcurl/c/libcurl-errors.html) for https://graph.facebook.com/v19.0/658603253999245/messages  
[2026-02-09 15:36:57] local.ERROR: WhatsApp Sending Failed: cURL error 60: SSL certificate problem: unable to get local issuer certificate (see https://curl.haxx.se/libcurl/c/libcurl-errors.html) for https://graph.facebook.com/v19.0/658603253999245/messages  
[2026-02-09 15:36:57] local.INFO: Employer Followup Cron Completed  
[2026-02-09 15:37:49] local.INFO: Employer Followup Cron Executed  
[2026-02-09 15:37:50] local.ERROR: WhatsApp Sending Failed: cURL error 60: SSL certificate problem: unable to get local issuer certificate (see https://curl.haxx.se/libcurl/c/libcurl-errors.html) for https://graph.facebook.com/v19.0/658603253999245/messages  
[2026-02-09 15:37:50] local.ERROR: WhatsApp Sending Failed: cURL error 60: SSL certificate problem: unable to get local issuer certificate (see https://curl.haxx.se/libcurl/c/libcurl-errors.html) for https://graph.facebook.com/v19.0/658603253999245/messages  
[2026-02-09 15:37:50] local.ERROR: WhatsApp Sending Failed: cURL error 60: SSL certificate problem: unable to get local issuer certificate (see https://curl.haxx.se/libcurl/c/libcurl-errors.html) for https://graph.facebook.com/v19.0/658603253999245/messages  
[2026-02-09 15:37:50] local.ERROR: WhatsApp Sending Failed: cURL error 60: SSL certificate problem: unable to get local issuer certificate (see https://curl.haxx.se/libcurl/c/libcurl-errors.html) for https://graph.facebook.com/v19.0/658603253999245/messages  
[2026-02-09 15:37:50] local.ERROR: WhatsApp Sending Failed: cURL error 60: SSL certificate problem: unable to get local issuer certificate (see https://curl.haxx.se/libcurl/c/libcurl-errors.html) for https://graph.facebook.com/v19.0/658603253999245/messages  
[2026-02-09 15:37:51] local.ERROR: WhatsApp Sending Failed: cURL error 60: SSL certificate problem: unable to get local issuer certificate (see https://curl.haxx.se/libcurl/c/libcurl-errors.html) for https://graph.facebook.com/v19.0/658603253999245/messages  
[2026-02-09 15:37:51] local.ERROR: WhatsApp Sending Failed: cURL error 60: SSL certificate problem: unable to get local issuer certificate (see https://curl.haxx.se/libcurl/c/libcurl-errors.html) for https://graph.facebook.com/v19.0/658603253999245/messages  
[2026-02-09 15:37:51] local.ERROR: WhatsApp Sending Failed: cURL error 60: SSL certificate problem: unable to get local issuer certificate (see https://curl.haxx.se/libcurl/c/libcurl-errors.html) for https://graph.facebook.com/v19.0/658603253999245/messages  
[2026-02-09 15:37:51] local.ERROR: WhatsApp Sending Failed: cURL error 60: SSL certificate problem: unable to get local issuer certificate (see https://curl.haxx.se/libcurl/c/libcurl-errors.html) for https://graph.facebook.com/v19.0/658603253999245/messages  
[2026-02-09 15:37:51] local.ERROR: WhatsApp Sending Failed: cURL error 60: SSL certificate problem: unable to get local issuer certificate (see https://curl.haxx.se/libcurl/c/libcurl-errors.html) for https://graph.facebook.com/v19.0/658603253999245/messages  
[2026-02-09 15:37:51] local.ERROR: WhatsApp Sending Failed: cURL error 60: SSL certificate problem: unable to get local issuer certificate (see https://curl.haxx.se/libcurl/c/libcurl-errors.html) for https://graph.facebook.com/v19.0/658603253999245/messages  
[2026-02-09 15:37:51] local.ERROR: WhatsApp Sending Failed: cURL error 60: SSL certificate problem: unable to get local issuer certificate (see https://curl.haxx.se/libcurl/c/libcurl-errors.html) for https://graph.facebook.com/v19.0/658603253999245/messages  
[2026-02-09 15:37:51] local.ERROR: WhatsApp Sending Failed: cURL error 60: SSL certificate problem: unable to get local issuer certificate (see https://curl.haxx.se/libcurl/c/libcurl-errors.html) for https://graph.facebook.com/v19.0/658603253999245/messages  
[2026-02-09 15:37:51] local.ERROR: WhatsApp Sending Failed: cURL error 60: SSL certificate problem: unable to get local issuer certificate (see https://curl.haxx.se/libcurl/c/libcurl-errors.html) for https://graph.facebook.com/v19.0/658603253999245/messages  
[2026-02-09 15:37:51] local.ERROR: WhatsApp Sending Failed: cURL error 60: SSL certificate problem: unable to get local issuer certificate (see https://curl.haxx.se/libcurl/c/libcurl-errors.html) for https://graph.facebook.com/v19.0/658603253999245/messages  
[2026-02-09 15:37:51] local.ERROR: WhatsApp Sending Failed: cURL error 60: SSL certificate problem: unable to get local issuer certificate (see https://curl.haxx.se/libcurl/c/libcurl-errors.html) for https://graph.facebook.com/v19.0/658603253999245/messages  
[2026-02-09 15:37:52] local.ERROR: WhatsApp Sending Failed: cURL error 60: SSL certificate problem: unable to get local issuer certificate (see https://curl.haxx.se/libcurl/c/libcurl-errors.html) for https://graph.facebook.com/v19.0/658603253999245/messages  
[2026-02-09 15:37:52] local.ERROR: WhatsApp Sending Failed: cURL error 60: SSL certificate problem: unable to get local issuer certificate (see https://curl.haxx.se/libcurl/c/libcurl-errors.html) for https://graph.facebook.com/v19.0/658603253999245/messages  
[2026-02-09 15:37:52] local.ERROR: WhatsApp Sending Failed: cURL error 60: SSL certificate problem: unable to get local issuer certificate (see https://curl.haxx.se/libcurl/c/libcurl-errors.html) for https://graph.facebook.com/v19.0/658603253999245/messages  
[2026-02-09 15:37:52] local.ERROR: WhatsApp Sending Failed: cURL error 60: SSL certificate problem: unable to get local issuer certificate (see https://curl.haxx.se/libcurl/c/libcurl-errors.html) for https://graph.facebook.com/v19.0/658603253999245/messages  
[2026-02-09 15:37:52] local.ERROR: WhatsApp Sending Failed: cURL error 60: SSL certificate problem: unable to get local issuer certificate (see https://curl.haxx.se/libcurl/c/libcurl-errors.html) for https://graph.facebook.com/v19.0/658603253999245/messages  
[2026-02-09 15:37:52] local.ERROR: WhatsApp Sending Failed: cURL error 60: SSL certificate problem: unable to get local issuer certificate (see https://curl.haxx.se/libcurl/c/libcurl-errors.html) for https://graph.facebook.com/v19.0/658603253999245/messages  
[2026-02-09 15:37:52] local.ERROR: WhatsApp Sending Failed: cURL error 60: SSL certificate problem: unable to get local issuer certificate (see https://curl.haxx.se/libcurl/c/libcurl-errors.html) for https://graph.facebook.com/v19.0/658603253999245/messages  
[2026-02-09 15:37:52] local.ERROR: WhatsApp Sending Failed: cURL error 60: SSL certificate problem: unable to get local issuer certificate (see https://curl.haxx.se/libcurl/c/libcurl-errors.html) for https://graph.facebook.com/v19.0/658603253999245/messages  
[2026-02-09 15:37:52] local.ERROR: WhatsApp Sending Failed: cURL error 60: SSL certificate problem: unable to get local issuer certificate (see https://curl.haxx.se/libcurl/c/libcurl-errors.html) for https://graph.facebook.com/v19.0/658603253999245/messages  
[2026-02-09 15:37:52] local.ERROR: WhatsApp Sending Failed: cURL error 60: SSL certificate problem: unable to get local issuer certificate (see https://curl.haxx.se/libcurl/c/libcurl-errors.html) for https://graph.facebook.com/v19.0/658603253999245/messages  
[2026-02-09 15:37:53] local.ERROR: WhatsApp Sending Failed: cURL error 60: SSL certificate problem: unable to get local issuer certificate (see https://curl.haxx.se/libcurl/c/libcurl-errors.html) for https://graph.facebook.com/v19.0/658603253999245/messages  
[2026-02-09 15:37:53] local.ERROR: WhatsApp Sending Failed: cURL error 60: SSL certificate problem: unable to get local issuer certificate (see https://curl.haxx.se/libcurl/c/libcurl-errors.html) for https://graph.facebook.com/v19.0/658603253999245/messages  
[2026-02-09 15:37:53] local.INFO: Employer Followup Cron Completed  
[2026-02-09 15:38:13] local.INFO: Employer Followup Cron Executed  
[2026-02-09 15:38:32] local.INFO: Employer Followup Cron Executed  
[2026-02-09 15:39:35] local.INFO: Employer Followup Cron Executed  
[2026-02-09 15:39:35] local.ERROR: WhatsApp Sending Failed: cURL error 60: SSL certificate problem: unable to get local issuer certificate (see https://curl.haxx.se/libcurl/c/libcurl-errors.html) for https://graph.facebook.com/v19.0/658603253999245/messages  
[2026-02-09 15:39:35] local.ERROR: WhatsApp Sending Failed: cURL error 60: SSL certificate problem: unable to get local issuer certificate (see https://curl.haxx.se/libcurl/c/libcurl-errors.html) for https://graph.facebook.com/v19.0/658603253999245/messages  
[2026-02-09 15:39:35] local.ERROR: WhatsApp Sending Failed: cURL error 60: SSL certificate problem: unable to get local issuer certificate (see https://curl.haxx.se/libcurl/c/libcurl-errors.html) for https://graph.facebook.com/v19.0/658603253999245/messages  
[2026-02-09 15:39:36] local.ERROR: WhatsApp Sending Failed: cURL error 60: SSL certificate problem: unable to get local issuer certificate (see https://curl.haxx.se/libcurl/c/libcurl-errors.html) for https://graph.facebook.com/v19.0/658603253999245/messages  
[2026-02-09 15:39:36] local.ERROR: WhatsApp Sending Failed: cURL error 60: SSL certificate problem: unable to get local issuer certificate (see https://curl.haxx.se/libcurl/c/libcurl-errors.html) for https://graph.facebook.com/v19.0/658603253999245/messages  
[2026-02-09 15:39:36] local.ERROR: WhatsApp Sending Failed: cURL error 60: SSL certificate problem: unable to get local issuer certificate (see https://curl.haxx.se/libcurl/c/libcurl-errors.html) for https://graph.facebook.com/v19.0/658603253999245/messages  
[2026-02-09 15:39:36] local.ERROR: WhatsApp Sending Failed: cURL error 60: SSL certificate problem: unable to get local issuer certificate (see https://curl.haxx.se/libcurl/c/libcurl-errors.html) for https://graph.facebook.com/v19.0/658603253999245/messages  
[2026-02-09 15:39:36] local.ERROR: WhatsApp Sending Failed: cURL error 60: SSL certificate problem: unable to get local issuer certificate (see https://curl.haxx.se/libcurl/c/libcurl-errors.html) for https://graph.facebook.com/v19.0/658603253999245/messages  
[2026-02-09 15:39:36] local.ERROR: WhatsApp Sending Failed: cURL error 60: SSL certificate problem: unable to get local issuer certificate (see https://curl.haxx.se/libcurl/c/libcurl-errors.html) for https://graph.facebook.com/v19.0/658603253999245/messages  
[2026-02-09 15:39:36] local.ERROR: WhatsApp Sending Failed: cURL error 60: SSL certificate problem: unable to get local issuer certificate (see https://curl.haxx.se/libcurl/c/libcurl-errors.html) for https://graph.facebook.com/v19.0/658603253999245/messages  
[2026-02-09 15:39:36] local.ERROR: WhatsApp Sending Failed: cURL error 60: SSL certificate problem: unable to get local issuer certificate (see https://curl.haxx.se/libcurl/c/libcurl-errors.html) for https://graph.facebook.com/v19.0/658603253999245/messages  
[2026-02-09 15:39:36] local.ERROR: WhatsApp Sending Failed: cURL error 60: SSL certificate problem: unable to get local issuer certificate (see https://curl.haxx.se/libcurl/c/libcurl-errors.html) for https://graph.facebook.com/v19.0/658603253999245/messages  
[2026-02-09 15:39:36] local.ERROR: WhatsApp Sending Failed: cURL error 60: SSL certificate problem: unable to get local issuer certificate (see https://curl.haxx.se/libcurl/c/libcurl-errors.html) for https://graph.facebook.com/v19.0/658603253999245/messages  
[2026-02-09 15:39:37] local.ERROR: WhatsApp Sending Failed: cURL error 60: SSL certificate problem: unable to get local issuer certificate (see https://curl.haxx.se/libcurl/c/libcurl-errors.html) for https://graph.facebook.com/v19.0/658603253999245/messages  
[2026-02-09 15:39:37] local.ERROR: WhatsApp Sending Failed: cURL error 60: SSL certificate problem: unable to get local issuer certificate (see https://curl.haxx.se/libcurl/c/libcurl-errors.html) for https://graph.facebook.com/v19.0/658603253999245/messages  
[2026-02-09 15:39:37] local.ERROR: WhatsApp Sending Failed: cURL error 60: SSL certificate problem: unable to get local issuer certificate (see https://curl.haxx.se/libcurl/c/libcurl-errors.html) for https://graph.facebook.com/v19.0/658603253999245/messages  
[2026-02-09 15:39:37] local.ERROR: WhatsApp Sending Failed: cURL error 60: SSL certificate problem: unable to get local issuer certificate (see https://curl.haxx.se/libcurl/c/libcurl-errors.html) for https://graph.facebook.com/v19.0/658603253999245/messages  
[2026-02-09 15:39:37] local.ERROR: WhatsApp Sending Failed: cURL error 60: SSL certificate problem: unable to get local issuer certificate (see https://curl.haxx.se/libcurl/c/libcurl-errors.html) for https://graph.facebook.com/v19.0/658603253999245/messages  
[2026-02-09 15:39:37] local.ERROR: WhatsApp Sending Failed: cURL error 60: SSL certificate problem: unable to get local issuer certificate (see https://curl.haxx.se/libcurl/c/libcurl-errors.html) for https://graph.facebook.com/v19.0/658603253999245/messages  
[2026-02-09 15:39:37] local.ERROR: WhatsApp Sending Failed: cURL error 60: SSL certificate problem: unable to get local issuer certificate (see https://curl.haxx.se/libcurl/c/libcurl-errors.html) for https://graph.facebook.com/v19.0/658603253999245/messages  
[2026-02-09 15:39:37] local.ERROR: WhatsApp Sending Failed: cURL error 60: SSL certificate problem: unable to get local issuer certificate (see https://curl.haxx.se/libcurl/c/libcurl-errors.html) for https://graph.facebook.com/v19.0/658603253999245/messages  
[2026-02-09 15:39:37] local.ERROR: WhatsApp Sending Failed: cURL error 60: SSL certificate problem: unable to get local issuer certificate (see https://curl.haxx.se/libcurl/c/libcurl-errors.html) for https://graph.facebook.com/v19.0/658603253999245/messages  
[2026-02-09 15:39:37] local.ERROR: WhatsApp Sending Failed: cURL error 60: SSL certificate problem: unable to get local issuer certificate (see https://curl.haxx.se/libcurl/c/libcurl-errors.html) for https://graph.facebook.com/v19.0/658603253999245/messages  
[2026-02-09 15:39:38] local.ERROR: WhatsApp Sending Failed: cURL error 60: SSL certificate problem: unable to get local issuer certificate (see https://curl.haxx.se/libcurl/c/libcurl-errors.html) for https://graph.facebook.com/v19.0/658603253999245/messages  
[2026-02-09 15:39:38] local.ERROR: WhatsApp Sending Failed: cURL error 60: SSL certificate problem: unable to get local issuer certificate (see https://curl.haxx.se/libcurl/c/libcurl-errors.html) for https://graph.facebook.com/v19.0/658603253999245/messages  
[2026-02-09 15:39:38] local.ERROR: WhatsApp Sending Failed: cURL error 60: SSL certificate problem: unable to get local issuer certificate (see https://curl.haxx.se/libcurl/c/libcurl-errors.html) for https://graph.facebook.com/v19.0/658603253999245/messages  
[2026-02-09 15:39:38] local.ERROR: WhatsApp Sending Failed: cURL error 60: SSL certificate problem: unable to get local issuer certificate (see https://curl.haxx.se/libcurl/c/libcurl-errors.html) for https://graph.facebook.com/v19.0/658603253999245/messages  
[2026-02-09 15:39:38] local.ERROR: WhatsApp Sending Failed: cURL error 60: SSL certificate problem: unable to get local issuer certificate (see https://curl.haxx.se/libcurl/c/libcurl-errors.html) for https://graph.facebook.com/v19.0/658603253999245/messages  
[2026-02-09 15:39:38] local.ERROR: WhatsApp Sending Failed: cURL error 60: SSL certificate problem: unable to get local issuer certificate (see https://curl.haxx.se/libcurl/c/libcurl-errors.html) for https://graph.facebook.com/v19.0/658603253999245/messages  
[2026-02-09 15:39:38] local.INFO: Employer Followup Cron Completed  
[2026-02-09 15:39:46] local.INFO: Employer Followup Cron Executed  
[2026-02-09 15:39:46] local.ERROR: WhatsApp Sending Failed: cURL error 60: SSL certificate problem: unable to get local issuer certificate (see https://curl.haxx.se/libcurl/c/libcurl-errors.html) for https://graph.facebook.com/v19.0/658603253999245/messages  
[2026-02-09 15:39:46] local.ERROR: WhatsApp Sending Failed: cURL error 60: SSL certificate problem: unable to get local issuer certificate (see https://curl.haxx.se/libcurl/c/libcurl-errors.html) for https://graph.facebook.com/v19.0/658603253999245/messages  
[2026-02-09 15:39:46] local.ERROR: WhatsApp Sending Failed: cURL error 60: SSL certificate problem: unable to get local issuer certificate (see https://curl.haxx.se/libcurl/c/libcurl-errors.html) for https://graph.facebook.com/v19.0/658603253999245/messages  
[2026-02-09 15:39:46] local.ERROR: WhatsApp Sending Failed: cURL error 60: SSL certificate problem: unable to get local issuer certificate (see https://curl.haxx.se/libcurl/c/libcurl-errors.html) for https://graph.facebook.com/v19.0/658603253999245/messages  
[2026-02-09 15:39:46] local.ERROR: WhatsApp Sending Failed: cURL error 60: SSL certificate problem: unable to get local issuer certificate (see https://curl.haxx.se/libcurl/c/libcurl-errors.html) for https://graph.facebook.com/v19.0/658603253999245/messages  
[2026-02-09 15:39:46] local.ERROR: WhatsApp Sending Failed: cURL error 60: SSL certificate problem: unable to get local issuer certificate (see https://curl.haxx.se/libcurl/c/libcurl-errors.html) for https://graph.facebook.com/v19.0/658603253999245/messages  
[2026-02-09 15:39:46] local.ERROR: WhatsApp Sending Failed: cURL error 60: SSL certificate problem: unable to get local issuer certificate (see https://curl.haxx.se/libcurl/c/libcurl-errors.html) for https://graph.facebook.com/v19.0/658603253999245/messages  
[2026-02-09 15:39:46] local.ERROR: WhatsApp Sending Failed: cURL error 60: SSL certificate problem: unable to get local issuer certificate (see https://curl.haxx.se/libcurl/c/libcurl-errors.html) for https://graph.facebook.com/v19.0/658603253999245/messages  
[2026-02-09 15:39:47] local.ERROR: WhatsApp Sending Failed: cURL error 60: SSL certificate problem: unable to get local issuer certificate (see https://curl.haxx.se/libcurl/c/libcurl-errors.html) for https://graph.facebook.com/v19.0/658603253999245/messages  
[2026-02-09 15:39:47] local.ERROR: WhatsApp Sending Failed: cURL error 60: SSL certificate problem: unable to get local issuer certificate (see https://curl.haxx.se/libcurl/c/libcurl-errors.html) for https://graph.facebook.com/v19.0/658603253999245/messages  
[2026-02-09 15:39:47] local.ERROR: WhatsApp Sending Failed: cURL error 60: SSL certificate problem: unable to get local issuer certificate (see https://curl.haxx.se/libcurl/c/libcurl-errors.html) for https://graph.facebook.com/v19.0/658603253999245/messages  
[2026-02-09 15:39:47] local.ERROR: WhatsApp Sending Failed: cURL error 60: SSL certificate problem: unable to get local issuer certificate (see https://curl.haxx.se/libcurl/c/libcurl-errors.html) for https://graph.facebook.com/v19.0/658603253999245/messages  
[2026-02-09 15:39:47] local.ERROR: WhatsApp Sending Failed: cURL error 60: SSL certificate problem: unable to get local issuer certificate (see https://curl.haxx.se/libcurl/c/libcurl-errors.html) for https://graph.facebook.com/v19.0/658603253999245/messages  
[2026-02-09 15:39:47] local.ERROR: WhatsApp Sending Failed: cURL error 60: SSL certificate problem: unable to get local issuer certificate (see https://curl.haxx.se/libcurl/c/libcurl-errors.html) for https://graph.facebook.com/v19.0/658603253999245/messages  
[2026-02-09 15:39:47] local.ERROR: WhatsApp Sending Failed: cURL error 60: SSL certificate problem: unable to get local issuer certificate (see https://curl.haxx.se/libcurl/c/libcurl-errors.html) for https://graph.facebook.com/v19.0/658603253999245/messages  
[2026-02-09 15:39:47] local.ERROR: WhatsApp Sending Failed: cURL error 60: SSL certificate problem: unable to get local issuer certificate (see https://curl.haxx.se/libcurl/c/libcurl-errors.html) for https://graph.facebook.com/v19.0/658603253999245/messages  
[2026-02-09 15:39:47] local.ERROR: WhatsApp Sending Failed: cURL error 60: SSL certificate problem: unable to get local issuer certificate (see https://curl.haxx.se/libcurl/c/libcurl-errors.html) for https://graph.facebook.com/v19.0/658603253999245/messages  
[2026-02-09 15:39:47] local.ERROR: WhatsApp Sending Failed: cURL error 60: SSL certificate problem: unable to get local issuer certificate (see https://curl.haxx.se/libcurl/c/libcurl-errors.html) for https://graph.facebook.com/v19.0/658603253999245/messages  
[2026-02-09 15:39:48] local.ERROR: WhatsApp Sending Failed: cURL error 60: SSL certificate problem: unable to get local issuer certificate (see https://curl.haxx.se/libcurl/c/libcurl-errors.html) for https://graph.facebook.com/v19.0/658603253999245/messages  
[2026-02-09 15:39:48] local.ERROR: WhatsApp Sending Failed: cURL error 60: SSL certificate problem: unable to get local issuer certificate (see https://curl.haxx.se/libcurl/c/libcurl-errors.html) for https://graph.facebook.com/v19.0/658603253999245/messages  
[2026-02-09 15:39:48] local.ERROR: WhatsApp Sending Failed: cURL error 60: SSL certificate problem: unable to get local issuer certificate (see https://curl.haxx.se/libcurl/c/libcurl-errors.html) for https://graph.facebook.com/v19.0/658603253999245/messages  
[2026-02-09 15:39:48] local.ERROR: WhatsApp Sending Failed: cURL error 60: SSL certificate problem: unable to get local issuer certificate (see https://curl.haxx.se/libcurl/c/libcurl-errors.html) for https://graph.facebook.com/v19.0/658603253999245/messages  
[2026-02-09 15:39:48] local.ERROR: WhatsApp Sending Failed: cURL error 60: SSL certificate problem: unable to get local issuer certificate (see https://curl.haxx.se/libcurl/c/libcurl-errors.html) for https://graph.facebook.com/v19.0/658603253999245/messages  
[2026-02-09 15:39:48] local.ERROR: WhatsApp Sending Failed: cURL error 60: SSL certificate problem: unable to get local issuer certificate (see https://curl.haxx.se/libcurl/c/libcurl-errors.html) for https://graph.facebook.com/v19.0/658603253999245/messages  
[2026-02-09 15:39:48] local.ERROR: WhatsApp Sending Failed: cURL error 60: SSL certificate problem: unable to get local issuer certificate (see https://curl.haxx.se/libcurl/c/libcurl-errors.html) for https://graph.facebook.com/v19.0/658603253999245/messages  
[2026-02-09 15:39:48] local.ERROR: WhatsApp Sending Failed: cURL error 60: SSL certificate problem: unable to get local issuer certificate (see https://curl.haxx.se/libcurl/c/libcurl-errors.html) for https://graph.facebook.com/v19.0/658603253999245/messages  
[2026-02-09 15:39:48] local.ERROR: WhatsApp Sending Failed: cURL error 60: SSL certificate problem: unable to get local issuer certificate (see https://curl.haxx.se/libcurl/c/libcurl-errors.html) for https://graph.facebook.com/v19.0/658603253999245/messages  
[2026-02-09 15:39:48] local.ERROR: WhatsApp Sending Failed: cURL error 60: SSL certificate problem: unable to get local issuer certificate (see https://curl.haxx.se/libcurl/c/libcurl-errors.html) for https://graph.facebook.com/v19.0/658603253999245/messages  
[2026-02-09 15:39:48] local.INFO: Employer Followup Cron Completed  
[2026-02-09 15:40:03] local.INFO: Employer Followup Cron Executed  
[2026-02-09 15:40:22] local.INFO: Employer Followup Cron Executed  
[2026-02-09 15:40:43] local.INFO: Employer Followup Cron Executed  
[2026-02-09 15:40:44] local.ERROR: WhatsApp Sending Failed: cURL error 60: SSL certificate problem: unable to get local issuer certificate (see https://curl.haxx.se/libcurl/c/libcurl-errors.html) for https://graph.facebook.com/v19.0/658603253999245/messages  
[2026-02-09 15:40:44] local.ERROR: WhatsApp Sending Failed: cURL error 60: SSL certificate problem: unable to get local issuer certificate (see https://curl.haxx.se/libcurl/c/libcurl-errors.html) for https://graph.facebook.com/v19.0/658603253999245/messages  
[2026-02-09 15:40:44] local.ERROR: WhatsApp Sending Failed: cURL error 60: SSL certificate problem: unable to get local issuer certificate (see https://curl.haxx.se/libcurl/c/libcurl-errors.html) for https://graph.facebook.com/v19.0/658603253999245/messages  
[2026-02-09 15:40:44] local.ERROR: WhatsApp Sending Failed: cURL error 60: SSL certificate problem: unable to get local issuer certificate (see https://curl.haxx.se/libcurl/c/libcurl-errors.html) for https://graph.facebook.com/v19.0/658603253999245/messages  
[2026-02-09 15:40:44] local.ERROR: WhatsApp Sending Failed: cURL error 60: SSL certificate problem: unable to get local issuer certificate (see https://curl.haxx.se/libcurl/c/libcurl-errors.html) for https://graph.facebook.com/v19.0/658603253999245/messages  
[2026-02-09 15:40:44] local.ERROR: WhatsApp Sending Failed: cURL error 60: SSL certificate problem: unable to get local issuer certificate (see https://curl.haxx.se/libcurl/c/libcurl-errors.html) for https://graph.facebook.com/v19.0/658603253999245/messages  
[2026-02-09 15:40:45] local.ERROR: WhatsApp Sending Failed: cURL error 60: SSL certificate problem: unable to get local issuer certificate (see https://curl.haxx.se/libcurl/c/libcurl-errors.html) for https://graph.facebook.com/v19.0/658603253999245/messages  
[2026-02-09 15:40:45] local.ERROR: WhatsApp Sending Failed: cURL error 60: SSL certificate problem: unable to get local issuer certificate (see https://curl.haxx.se/libcurl/c/libcurl-errors.html) for https://graph.facebook.com/v19.0/658603253999245/messages  
[2026-02-09 15:40:46] local.ERROR: WhatsApp Sending Failed: cURL error 60: SSL certificate problem: unable to get local issuer certificate (see https://curl.haxx.se/libcurl/c/libcurl-errors.html) for https://graph.facebook.com/v19.0/658603253999245/messages  
[2026-02-09 15:40:46] local.ERROR: WhatsApp Sending Failed: cURL error 60: SSL certificate problem: unable to get local issuer certificate (see https://curl.haxx.se/libcurl/c/libcurl-errors.html) for https://graph.facebook.com/v19.0/658603253999245/messages  
[2026-02-09 15:40:46] local.ERROR: WhatsApp Sending Failed: cURL error 60: SSL certificate problem: unable to get local issuer certificate (see https://curl.haxx.se/libcurl/c/libcurl-errors.html) for https://graph.facebook.com/v19.0/658603253999245/messages  
[2026-02-09 15:40:47] local.ERROR: WhatsApp Sending Failed: cURL error 60: SSL certificate problem: unable to get local issuer certificate (see https://curl.haxx.se/libcurl/c/libcurl-errors.html) for https://graph.facebook.com/v19.0/658603253999245/messages  
[2026-02-09 15:40:47] local.ERROR: WhatsApp Sending Failed: cURL error 60: SSL certificate problem: unable to get local issuer certificate (see https://curl.haxx.se/libcurl/c/libcurl-errors.html) for https://graph.facebook.com/v19.0/658603253999245/messages  
[2026-02-09 15:40:47] local.ERROR: WhatsApp Sending Failed: cURL error 60: SSL certificate problem: unable to get local issuer certificate (see https://curl.haxx.se/libcurl/c/libcurl-errors.html) for https://graph.facebook.com/v19.0/658603253999245/messages  
[2026-02-09 15:40:48] local.ERROR: WhatsApp Sending Failed: cURL error 60: SSL certificate problem: unable to get local issuer certificate (see https://curl.haxx.se/libcurl/c/libcurl-errors.html) for https://graph.facebook.com/v19.0/658603253999245/messages  
[2026-02-09 15:40:48] local.ERROR: WhatsApp Sending Failed: cURL error 60: SSL certificate problem: unable to get local issuer certificate (see https://curl.haxx.se/libcurl/c/libcurl-errors.html) for https://graph.facebook.com/v19.0/658603253999245/messages  
[2026-02-09 15:40:48] local.ERROR: WhatsApp Sending Failed: cURL error 60: SSL certificate problem: unable to get local issuer certificate (see https://curl.haxx.se/libcurl/c/libcurl-errors.html) for https://graph.facebook.com/v19.0/658603253999245/messages  
[2026-02-09 15:40:48] local.ERROR: WhatsApp Sending Failed: cURL error 60: SSL certificate problem: unable to get local issuer certificate (see https://curl.haxx.se/libcurl/c/libcurl-errors.html) for https://graph.facebook.com/v19.0/658603253999245/messages  
[2026-02-09 15:40:48] local.ERROR: WhatsApp Sending Failed: cURL error 60: SSL certificate problem: unable to get local issuer certificate (see https://curl.haxx.se/libcurl/c/libcurl-errors.html) for https://graph.facebook.com/v19.0/658603253999245/messages  
[2026-02-09 15:40:49] local.ERROR: WhatsApp Sending Failed: cURL error 60: SSL certificate problem: unable to get local issuer certificate (see https://curl.haxx.se/libcurl/c/libcurl-errors.html) for https://graph.facebook.com/v19.0/658603253999245/messages  
[2026-02-09 15:40:49] local.ERROR: WhatsApp Sending Failed: cURL error 60: SSL certificate problem: unable to get local issuer certificate (see https://curl.haxx.se/libcurl/c/libcurl-errors.html) for https://graph.facebook.com/v19.0/658603253999245/messages  
[2026-02-09 15:40:50] local.ERROR: WhatsApp Sending Failed: cURL error 60: SSL certificate problem: unable to get local issuer certificate (see https://curl.haxx.se/libcurl/c/libcurl-errors.html) for https://graph.facebook.com/v19.0/658603253999245/messages  
[2026-02-09 15:40:50] local.ERROR: WhatsApp Sending Failed: cURL error 60: SSL certificate problem: unable to get local issuer certificate (see https://curl.haxx.se/libcurl/c/libcurl-errors.html) for https://graph.facebook.com/v19.0/658603253999245/messages  
[2026-02-09 15:40:50] local.ERROR: WhatsApp Sending Failed: cURL error 60: SSL certificate problem: unable to get local issuer certificate (see https://curl.haxx.se/libcurl/c/libcurl-errors.html) for https://graph.facebook.com/v19.0/658603253999245/messages  
[2026-02-09 15:40:51] local.ERROR: WhatsApp Sending Failed: cURL error 60: SSL certificate problem: unable to get local issuer certificate (see https://curl.haxx.se/libcurl/c/libcurl-errors.html) for https://graph.facebook.com/v19.0/658603253999245/messages  
[2026-02-09 15:40:51] local.ERROR: WhatsApp Sending Failed: cURL error 60: SSL certificate problem: unable to get local issuer certificate (see https://curl.haxx.se/libcurl/c/libcurl-errors.html) for https://graph.facebook.com/v19.0/658603253999245/messages  
[2026-02-09 15:40:51] local.ERROR: WhatsApp Sending Failed: cURL error 60: SSL certificate problem: unable to get local issuer certificate (see https://curl.haxx.se/libcurl/c/libcurl-errors.html) for https://graph.facebook.com/v19.0/658603253999245/messages  
[2026-02-09 15:40:51] local.ERROR: WhatsApp Sending Failed: cURL error 60: SSL certificate problem: unable to get local issuer certificate (see https://curl.haxx.se/libcurl/c/libcurl-errors.html) for https://graph.facebook.com/v19.0/658603253999245/messages  
[2026-02-09 15:40:51] local.INFO: Employer Followup Cron Completed  
